{
  "doc-99d34b63505a8ce4543007d3a9a4ca12": {
    "status": "processed",
    "chunks_count": 13,
    "chunks_list": [
      "chunk-2fe211278e71b50d6db7e21a448e0c0f",
      "chunk-d75431e4829206560052d72ce28c3740",
      "chunk-1a46bcd09efb92273304a960201d0dab",
      "chunk-31f370c942c7ad87e070c42f364924f6",
      "chunk-a5729ee89268aa5e6e83fc270b7c5cc6",
      "chunk-a57af296712224682ea5a7bfaf7231b0",
      "chunk-4e568ecea03c26049fd25def603f326c",
      "chunk-fae20fb98044780a7b901e088f29e4ea",
      "chunk-b4b934b3f3253651ee6c460b9fe28dc1",
      "chunk-972f7cd87ec71c2444e4cc3f75ceab54",
      "chunk-e8e2d04429545a861a79b9e1f2cfef55",
      "chunk-30251d05006ecbd02e5a82a787523e97",
      "chunk-bcfb715e665d16c2a116a84dae8f91f2"
    ],
    "content_summary": "中华人民共和国安全生产法\n\n（2002年6月29日第九届全国人民代表大会常务委员会第二十八次会议通过　根据2009年8月27日第十一届全国人民代表大会常务委员会第十次会议《关于修改部分法律的决定》第一次修正　根据2014年8月31日第十二届全国人民代表大会常务委员会第十次会议《关于修改〈中华人民共和国安全生产法〉的决定》第二次修正　根据2021年6月10日第十三届全国人民代表大会常务委员会第二十九次会议《关于修改〈中华人民共和国安全生产法〉的决定》第三次修正）\n\n目　　录\n第一章　总　　则\n第二...",
    "content_length": 20220,
    "created_at": "2025-11-14T07:49:47.821518+00:00",
    "updated_at": "2025-11-14T07:51:22.978554+00:00",
    "file_path": "中华人民共和国安全生产法_20210610.docx",
    "track_id": "upload_20251114_074947_9746c86d",
    "metadata": {
      "processing_start_time": 1763106587,
      "processing_end_time": 1763106682
    }
  }
}