{
  "危险作业<SEP>生产经营单位": {
    "chunk_ids": [
      "chunk-a5729ee89268aa5e6e83fc270b7c5cc6"
    ],
    "count": 1,
    "create_time": 1763106667,
    "update_time": 1763106667,
    "_id": "危险作业<SEP>生产经营单位"
  },
  "从业人员<SEP>生产经营单位": {
    "chunk_ids": [
      "chunk-a5729ee89268aa5e6e83fc270b7c5cc6"
    ],
    "count": 1,
    "create_time": 1763106667,
    "update_time": 1763106667,
    "_id": "从业人员<SEP>生产经营单位"
  },
  "施工单位<SEP>矿山、金属冶炼建设项目": {
    "chunk_ids": [
      "chunk-a5729ee89268aa5e6e83fc270b7c5cc6"
    ],
    "count": 1,
    "create_time": 1763106667,
    "update_time": 1763106667,
    "_id": "施工单位<SEP>矿山、金属冶炼建设项目"
  },
  "安全生产管理人员<SEP>生产经营单位": {
    "chunk_ids": [
      "chunk-a5729ee89268aa5e6e83fc270b7c5cc6"
    ],
    "count": 1,
    "create_time": 1763106668,
    "update_time": 1763106668,
    "_id": "安全生产管理人员<SEP>生产经营单位"
  },
  "劳动防护用品<SEP>生产经营单位": {
    "chunk_ids": [
      "chunk-a5729ee89268aa5e6e83fc270b7c5cc6"
    ],
    "count": 1,
    "create_time": 1763106668,
    "update_time": 1763106668,
    "_id": "劳动防护用品<SEP>生产经营单位"
  },
  "主管的负有安全生产监督管理职责的部门<SEP>安全生产管理人员": {
    "chunk_ids": [
      "chunk-a5729ee89268aa5e6e83fc270b7c5cc6"
    ],
    "count": 1,
    "create_time": 1763106668,
    "update_time": 1763106668,
    "_id": "主管的负有安全生产监督管理职责的部门<SEP>安全生产管理人员"
  },
  "安全生产培训<SEP>生产经营单位": {
    "chunk_ids": [
      "chunk-a5729ee89268aa5e6e83fc270b7c5cc6"
    ],
    "count": 1,
    "create_time": 1763106669,
    "update_time": 1763106669,
    "_id": "安全生产培训<SEP>生产经营单位"
  },
  "安全生产管理协议<SEP>生产经营单位": {
    "chunk_ids": [
      "chunk-a5729ee89268aa5e6e83fc270b7c5cc6"
    ],
    "count": 1,
    "create_time": 1763106669,
    "update_time": 1763106669,
    "_id": "安全生产管理协议<SEP>生产经营单位"
  },
  "承包单位, 承租单位<SEP>生产经营单位": {
    "chunk_ids": [
      "chunk-a5729ee89268aa5e6e83fc270b7c5cc6"
    ],
    "count": 1,
    "create_time": 1763106670,
    "update_time": 1763106670,
    "_id": "承包单位, 承租单位<SEP>生产经营单位"
  },
  "主要负责人<SEP>生产经营单位": {
    "chunk_ids": [
      "chunk-972f7cd87ec71c2444e4cc3f75ceab54"
    ],
    "count": 1,
    "create_time": 1763106670,
    "update_time": 1763106670,
    "_id": "主要负责人<SEP>生产经营单位"
  },
  "生产安全事故<SEP>生产经营单位": {
    "chunk_ids": [
      "chunk-972f7cd87ec71c2444e4cc3f75ceab54",
      "chunk-bcfb715e665d16c2a116a84dae8f91f2"
    ],
    "count": 2,
    "create_time": 1763106670,
    "update_time": 1763106670,
    "_id": "生产安全事故<SEP>生产经营单位"
  },
  "应急管理部门<SEP>生产经营单位": {
    "chunk_ids": [
      "chunk-972f7cd87ec71c2444e4cc3f75ceab54",
      "chunk-bcfb715e665d16c2a116a84dae8f91f2"
    ],
    "count": 2,
    "create_time": 1763106670,
    "update_time": 1763106670,
    "_id": "应急管理部门<SEP>生产经营单位"
  },
  "生产安全事故<SEP>罚款": {
    "chunk_ids": [
      "chunk-972f7cd87ec71c2444e4cc3f75ceab54"
    ],
    "count": 1,
    "create_time": 1763106670,
    "update_time": 1763106670,
    "_id": "生产安全事故<SEP>罚款"
  },
  "安全生产管理人员<SEP>操作规程": {
    "chunk_ids": [
      "chunk-1a46bcd09efb92273304a960201d0dab"
    ],
    "count": 1,
    "create_time": 1763106671,
    "update_time": 1763106671,
    "_id": "安全生产管理人员<SEP>操作规程"
  },
  "安全生产管理职责<SEP>生产经营单位": {
    "chunk_ids": [
      "chunk-972f7cd87ec71c2444e4cc3f75ceab54"
    ],
    "count": 1,
    "create_time": 1763106671,
    "update_time": 1763106671,
    "_id": "安全生产管理职责<SEP>生产经营单位"
  },
  "未按照规定设置安全生产管理机构<SEP>生产经营单位": {
    "chunk_ids": [
      "chunk-972f7cd87ec71c2444e4cc3f75ceab54"
    ],
    "count": 1,
    "create_time": 1763106671,
    "update_time": 1763106671,
    "_id": "未按照规定设置安全生产管理机构<SEP>生产经营单位"
  },
  "安全生产教育培训<SEP>安全生产管理人员": {
    "chunk_ids": [
      "chunk-1a46bcd09efb92273304a960201d0dab"
    ],
    "count": 1,
    "create_time": 1763106671,
    "update_time": 1763106671,
    "_id": "安全生产教育培训<SEP>安全生产管理人员"
  },
  "安全生产管理人员<SEP>重大危险源": {
    "chunk_ids": [
      "chunk-1a46bcd09efb92273304a960201d0dab"
    ],
    "count": 1,
    "create_time": 1763106671,
    "update_time": 1763106671,
    "_id": "安全生产管理人员<SEP>重大危险源"
  },
  "未按照规定配备安全生产管理人员<SEP>生产经营单位": {
    "chunk_ids": [
      "chunk-972f7cd87ec71c2444e4cc3f75ceab54"
    ],
    "count": 1,
    "create_time": 1763106672,
    "update_time": 1763106672,
    "_id": "未按照规定配备安全生产管理人员<SEP>生产经营单位"
  },
  "安全生产状况<SEP>安全生产管理人员": {
    "chunk_ids": [
      "chunk-1a46bcd09efb92273304a960201d0dab"
    ],
    "count": 1,
    "create_time": 1763106672,
    "update_time": 1763106672,
    "_id": "安全生产状况<SEP>安全生产管理人员"
  },
  "安全生产管理机构<SEP>生产经营单位": {
    "chunk_ids": [
      "chunk-1a46bcd09efb92273304a960201d0dab"
    ],
    "count": 1,
    "create_time": 1763106672,
    "update_time": 1763106672,
    "_id": "安全生产管理机构<SEP>生产经营单位"
  },
  "国务院和县级以上地方各级人民政府<SEP>安全生产的监督管理": {
    "chunk_ids": [
      "chunk-2fe211278e71b50d6db7e21a448e0c0f"
    ],
    "count": 1,
    "create_time": 1763106672,
    "update_time": 1763106672,
    "_id": "国务院和县级以上地方各级人民政府<SEP>安全生产的监督管理"
  },
  "专职安全生产管理人员<SEP>生产经营单位": {
    "chunk_ids": [
      "chunk-1a46bcd09efb92273304a960201d0dab"
    ],
    "count": 1,
    "create_time": 1763106672,
    "update_time": 1763106672,
    "_id": "专职安全生产管理人员<SEP>生产经营单位"
  },
  "安全生产管理机构<SEP>安全生产规章制度": {
    "chunk_ids": [
      "chunk-1a46bcd09efb92273304a960201d0dab"
    ],
    "count": 1,
    "create_time": 1763106672,
    "update_time": 1763106672,
    "_id": "安全生产管理机构<SEP>安全生产规章制度"
  },
  "国务院应急管理部门<SEP>安全生产的监督管理": {
    "chunk_ids": [
      "chunk-2fe211278e71b50d6db7e21a448e0c0f"
    ],
    "count": 1,
    "create_time": 1763106673,
    "update_time": 1763106673,
    "_id": "国务院应急管理部门<SEP>安全生产的监督管理"
  },
  "安全生产管理机构<SEP>生产安全事故应急救援预案": {
    "chunk_ids": [
      "chunk-1a46bcd09efb92273304a960201d0dab"
    ],
    "count": 1,
    "create_time": 1763106673,
    "update_time": 1763106673,
    "_id": "安全生产管理机构<SEP>生产安全事故应急救援预案"
  },
  "危险源辨识和评估<SEP>安全生产管理机构": {
    "chunk_ids": [
      "chunk-1a46bcd09efb92273304a960201d0dab"
    ],
    "count": 1,
    "create_time": 1763106673,
    "update_time": 1763106673,
    "_id": "危险源辨识和评估<SEP>安全生产管理机构"
  },
  "法律责任<SEP>生产经营单位的主要负责人": {
    "chunk_ids": [
      "chunk-2fe211278e71b50d6db7e21a448e0c0f"
    ],
    "count": 1,
    "create_time": 1763106673,
    "update_time": 1763106673,
    "_id": "法律责任<SEP>生产经营单位的主要负责人"
  },
  "县级以上地方各级人民政府应急管理部门<SEP>安全生产的监督管理": {
    "chunk_ids": [
      "chunk-2fe211278e71b50d6db7e21a448e0c0f"
    ],
    "count": 1,
    "create_time": 1763106674,
    "update_time": 1763106674,
    "_id": "县级以上地方各级人民政府应急管理部门<SEP>安全生产的监督管理"
  },
  "安全生产管理机构<SEP>应急救援演练": {
    "chunk_ids": [
      "chunk-1a46bcd09efb92273304a960201d0dab"
    ],
    "count": 1,
    "create_time": 1763106674,
    "update_time": 1763106674,
    "_id": "安全生产管理机构<SEP>应急救援演练"
  },
  "安全警示标志<SEP>生产经营单位": {
    "chunk_ids": [
      "chunk-31f370c942c7ad87e070c42f364924f6"
    ],
    "count": 1,
    "create_time": 1763106674,
    "update_time": 1763106674,
    "_id": "安全警示标志<SEP>生产经营单位"
  },
  "安全生产管理机构<SEP>生产安全事故隐患": {
    "chunk_ids": [
      "chunk-1a46bcd09efb92273304a960201d0dab"
    ],
    "count": 1,
    "create_time": 1763106674,
    "update_time": 1763106674,
    "_id": "安全生产管理机构<SEP>生产安全事故隐患"
  },
  "安全设备<SEP>生产经营单位": {
    "chunk_ids": [
      "chunk-31f370c942c7ad87e070c42f364924f6"
    ],
    "count": 1,
    "create_time": 1763106674,
    "update_time": 1763106674,
    "_id": "安全设备<SEP>生产经营单位"
  },
  "法律责任<SEP>生产经营单位的从业人员": {
    "chunk_ids": [
      "chunk-2fe211278e71b50d6db7e21a448e0c0f"
    ],
    "count": 1,
    "create_time": 1763106674,
    "update_time": 1763106674,
    "_id": "法律责任<SEP>生产经营单位的从业人员"
  },
  "可燃气体报警装置<SEP>餐饮等行业的生产经营单位": {
    "chunk_ids": [
      "chunk-31f370c942c7ad87e070c42f364924f6"
    ],
    "count": 1,
    "create_time": 1763106674,
    "update_time": 1763106674,
    "_id": "可燃气体报警装置<SEP>餐饮等行业的生产经营单位"
  },
  "国务院交通运输、住房和城乡建设、水利、民航等部门<SEP>安全生产的监督管理": {
    "chunk_ids": [
      "chunk-2fe211278e71b50d6db7e21a448e0c0f"
    ],
    "count": 1,
    "create_time": 1763106675,
    "update_time": 1763106675,
    "_id": "国务院交通运输、住房和城乡建设、水利、民航等部门<SEP>安全生产的监督管理"
  },
  "生产经营单位<SEP>监控、报警、防护、救生设备、设施": {
    "chunk_ids": [
      "chunk-31f370c942c7ad87e070c42f364924f6"
    ],
    "count": 1,
    "create_time": 1763106675,
    "update_time": 1763106675,
    "_id": "生产经营单位<SEP>监控、报警、防护、救生设备、设施"
  },
  "员工宿舍<SEP>生产经营场所": {
    "chunk_ids": [
      "chunk-31f370c942c7ad87e070c42f364924f6"
    ],
    "count": 1,
    "create_time": 1763106675,
    "update_time": 1763106675,
    "_id": "员工宿舍<SEP>生产经营场所"
  },
  "乡镇人民政府和街道办事处,以及开发区、工业园区、港区、风景区等<SEP>安全生产的监督管理": {
    "chunk_ids": [
      "chunk-2fe211278e71b50d6db7e21a448e0c0f"
    ],
    "count": 1,
    "create_time": 1763106676,
    "update_time": 1763106676,
    "_id": "乡镇人民政府和街道办事处,以及开发区、工业园区、港区、风景区等<SEP>安全生产的监督管理"
  },
  "安全生产年度监督检查计划<SEP>应急管理部门": {
    "chunk_ids": [
      "chunk-a57af296712224682ea5a7bfaf7231b0"
    ],
    "count": 1,
    "create_time": 1763106676,
    "update_time": 1763106676,
    "_id": "安全生产年度监督检查计划<SEP>应急管理部门"
  },
  "危险物品<SEP>生产经营单位": {
    "chunk_ids": [
      "chunk-31f370c942c7ad87e070c42f364924f6"
    ],
    "count": 1,
    "create_time": 1763106676,
    "update_time": 1763106676,
    "_id": "危险物品<SEP>生产经营单位"
  },
  "安全生产监督管理职责的部门<SEP>安全生产违法行为": {
    "chunk_ids": [
      "chunk-a57af296712224682ea5a7bfaf7231b0"
    ],
    "count": 1,
    "create_time": 1763106676,
    "update_time": 1763106676,
    "_id": "安全生产监督管理职责的部门<SEP>安全生产违法行为"
  },
  "Tokyo<SEP>World Athletics Championship": {
    "chunk_ids": [
      "chunk-e8e2d04429545a861a79b9e1f2cfef55"
    ],
    "count": 1,
    "create_time": 1763106677,
    "update_time": 1763106677,
    "_id": "Tokyo<SEP>World Athletics Championship"
  },
  "生产经营单位<SEP>重大危险源": {
    "chunk_ids": [
      "chunk-31f370c942c7ad87e070c42f364924f6"
    ],
    "count": 1,
    "create_time": 1763106677,
    "update_time": 1763106677,
    "_id": "生产经营单位<SEP>重大危险源"
  },
  "100m Sprint Record<SEP>Noah Carter": {
    "chunk_ids": [
      "chunk-e8e2d04429545a861a79b9e1f2cfef55"
    ],
    "count": 1,
    "create_time": 1763106677,
    "update_time": 1763106677,
    "_id": "100m Sprint Record<SEP>Noah Carter"
  },
  "Carbon-Fiber Spikes<SEP>Noah Carter": {
    "chunk_ids": [
      "chunk-e8e2d04429545a861a79b9e1f2cfef55"
    ],
    "count": 1,
    "create_time": 1763106677,
    "update_time": 1763106677,
    "_id": "Carbon-Fiber Spikes<SEP>Noah Carter"
  },
  "Noah Carter<SEP>World Athletics Championship": {
    "chunk_ids": [
      "chunk-e8e2d04429545a861a79b9e1f2cfef55"
    ],
    "count": 1,
    "create_time": 1763106678,
    "update_time": 1763106678,
    "_id": "Noah Carter<SEP>World Athletics Championship"
  },
  "生产经营单位<SEP>重大事故隐患": {
    "chunk_ids": [
      "chunk-31f370c942c7ad87e070c42f364924f6"
    ],
    "count": 1,
    "create_time": 1763106678,
    "update_time": 1763106678,
    "_id": "生产经营单位<SEP>重大事故隐患"
  },
  "安全生产条件<SEP>生产经营单位": {
    "chunk_ids": [
      "chunk-a57af296712224682ea5a7bfaf7231b0"
    ],
    "count": 1,
    "create_time": 1763106678,
    "update_time": 1763106678,
    "_id": "安全生产条件<SEP>生产经营单位"
  },
  "县级以上人民政府<SEP>负有安全生产监督管理职责的部门": {
    "chunk_ids": [
      "chunk-bcfb715e665d16c2a116a84dae8f91f2"
    ],
    "count": 1,
    "create_time": 1763106678,
    "update_time": 1763106678,
    "_id": "县级以上人民政府<SEP>负有安全生产监督管理职责的部门"
  },
  "安全生产执法工作<SEP>生产经营单位": {
    "chunk_ids": [
      "chunk-a57af296712224682ea5a7bfaf7231b0"
    ],
    "count": 1,
    "create_time": 1763106679,
    "update_time": 1763106679,
    "_id": "安全生产执法工作<SEP>生产经营单位"
  },
  "安全生产监督检查人员<SEP>生产经营单位": {
    "chunk_ids": [
      "chunk-4e568ecea03c26049fd25def603f326c"
    ],
    "count": 1,
    "create_time": 1763106679,
    "update_time": 1763106679,
    "_id": "安全生产监督检查人员<SEP>生产经营单位"
  },
  "生产经营单位<SEP>负有安全生产监督管理职责的部门": {
    "chunk_ids": [
      "chunk-bcfb715e665d16c2a116a84dae8f91f2"
    ],
    "count": 1,
    "create_time": 1763106679,
    "update_time": 1763106679,
    "_id": "生产经营单位<SEP>负有安全生产监督管理职责的部门"
  },
  "安全生产监督检查人员<SEP>安全监管执法证件": {
    "chunk_ids": [
      "chunk-4e568ecea03c26049fd25def603f326c"
    ],
    "count": 1,
    "create_time": 1763106679,
    "update_time": 1763106679,
    "_id": "安全生产监督检查人员<SEP>安全监管执法证件"
  },
  "国务院<SEP>重大危险源": {
    "chunk_ids": [
      "chunk-bcfb715e665d16c2a116a84dae8f91f2"
    ],
    "count": 1,
    "create_time": 1763106679,
    "update_time": 1763106679,
    "_id": "国务院<SEP>重大危险源"
  },
  "人民法院<SEP>生产经营单位": {
    "chunk_ids": [
      "chunk-bcfb715e665d16c2a116a84dae8f91f2"
    ],
    "count": 1,
    "create_time": 1763106680,
    "update_time": 1763106680,
    "_id": "人民法院<SEP>生产经营单位"
  },
  "安全生产监督检查人员<SEP>技术秘密": {
    "chunk_ids": [
      "chunk-4e568ecea03c26049fd25def603f326c"
    ],
    "count": 1,
    "create_time": 1763106680,
    "update_time": 1763106680,
    "_id": "安全生产监督检查人员<SEP>技术秘密"
  },
  "事故发生单位<SEP>安全生产监督管理职责的部门": {
    "chunk_ids": [
      "chunk-b4b934b3f3253651ee6c460b9fe28dc1"
    ],
    "count": 1,
    "create_time": 1763106680,
    "update_time": 1763106680,
    "_id": "事故发生单位<SEP>安全生产监督管理职责的部门"
  },
  "人民法院<SEP>生产安全事故责任人": {
    "chunk_ids": [
      "chunk-bcfb715e665d16c2a116a84dae8f91f2"
    ],
    "count": 1,
    "create_time": 1763106680,
    "update_time": 1763106680,
    "_id": "人民法院<SEP>生产安全事故责任人"
  },
  "生产经营单位<SEP>生产经营单位的主要负责人": {
    "chunk_ids": [
      "chunk-b4b934b3f3253651ee6c460b9fe28dc1"
    ],
    "count": 1,
    "create_time": 1763106680,
    "update_time": 1763106680,
    "_id": "生产经营单位<SEP>生产经营单位的主要负责人"
  },
  "业务秘密<SEP>安全生产监督检查人员": {
    "chunk_ids": [
      "chunk-4e568ecea03c26049fd25def603f326c"
    ],
    "count": 1,
    "create_time": 1763106680,
    "update_time": 1763106680,
    "_id": "业务秘密<SEP>安全生产监督检查人员"
  },
  "第九十条<SEP>负有安全生产监督管理职责的部门的工作人员": {
    "chunk_ids": [
      "chunk-b4b934b3f3253651ee6c460b9fe28dc1"
    ],
    "count": 1,
    "create_time": 1763106680,
    "update_time": 1763106680,
    "_id": "第九十条<SEP>负有安全生产监督管理职责的部门的工作人员"
  },
  "承担安全评价、认证、检测、检验职责的机构<SEP>第九十二条": {
    "chunk_ids": [
      "chunk-b4b934b3f3253651ee6c460b9fe28dc1"
    ],
    "count": 1,
    "create_time": 1763106680,
    "update_time": 1763106680,
    "_id": "承担安全评价、认证、检测、检验职责的机构<SEP>第九十二条"
  },
  "国务院应急管理部门<SEP>重大危险源": {
    "chunk_ids": [
      "chunk-bcfb715e665d16c2a116a84dae8f91f2"
    ],
    "count": 1,
    "create_time": 1763106681,
    "update_time": 1763106681,
    "_id": "国务院应急管理部门<SEP>重大危险源"
  },
  "人民法院<SEP>受害人": {
    "chunk_ids": [
      "chunk-bcfb715e665d16c2a116a84dae8f91f2"
    ],
    "count": 1,
    "create_time": 1763106682,
    "update_time": 1763106682,
    "_id": "人民法院<SEP>受害人"
  },
  "生产经营单位的主要负责人<SEP>第九十四条": {
    "chunk_ids": [
      "chunk-b4b934b3f3253651ee6c460b9fe28dc1"
    ],
    "count": 1,
    "create_time": 1763106682,
    "update_time": 1763106682,
    "_id": "生产经营单位的主要负责人<SEP>第九十四条"
  },
  "生产经营单位<SEP>第九十三条": {
    "chunk_ids": [
      "chunk-b4b934b3f3253651ee6c460b9fe28dc1"
    ],
    "count": 1,
    "create_time": 1763106682,
    "update_time": 1763106682,
    "_id": "生产经营单位<SEP>第九十三条"
  }
}