{
  "员工宿舍": {
    "chunk_ids": [
      "chunk-a5729ee89268aa5e6e83fc270b7c5cc6",
      "chunk-31f370c942c7ad87e070c42f364924f6"
    ],
    "count": 2,
    "update_time": 1763106675,
    "_id": "员工宿舍"
  },
  "生产经营场所": {
    "chunk_ids": [
      "chunk-a5729ee89268aa5e6e83fc270b7c5cc6",
      "chunk-31f370c942c7ad87e070c42f364924f6"
    ],
    "count": 2,
    "update_time": 1763106676,
    "_id": "生产经营场所"
  },
  "紧急疏散出口": {
    "chunk_ids": [
      "chunk-a5729ee89268aa5e6e83fc270b7c5cc6"
    ],
    "count": 1,
    "create_time": 1763106642,
    "update_time": 1763106642,
    "_id": "紧急疏散出口"
  },
  "疏散通道": {
    "chunk_ids": [
      "chunk-a5729ee89268aa5e6e83fc270b7c5cc6"
    ],
    "count": 1,
    "create_time": 1763106642,
    "update_time": 1763106642,
    "_id": "疏散通道"
  },
  "爆破作业": {
    "chunk_ids": [
      "chunk-a5729ee89268aa5e6e83fc270b7c5cc6"
    ],
    "count": 1,
    "create_time": 1763106642,
    "update_time": 1763106642,
    "_id": "爆破作业"
  },
  "吊装作业": {
    "chunk_ids": [
      "chunk-a5729ee89268aa5e6e83fc270b7c5cc6"
    ],
    "count": 1,
    "create_time": 1763106642,
    "update_time": 1763106642,
    "_id": "吊装作业"
  },
  "动火作业": {
    "chunk_ids": [
      "chunk-a5729ee89268aa5e6e83fc270b7c5cc6"
    ],
    "count": 1,
    "create_time": 1763106642,
    "update_time": 1763106642,
    "_id": "动火作业"
  },
  "临时用电作业": {
    "chunk_ids": [
      "chunk-a5729ee89268aa5e6e83fc270b7c5cc6"
    ],
    "count": 1,
    "create_time": 1763106642,
    "update_time": 1763106642,
    "_id": "临时用电作业"
  },
  "危险作业": {
    "chunk_ids": [
      "chunk-a5729ee89268aa5e6e83fc270b7c5cc6"
    ],
    "count": 1,
    "create_time": 1763106643,
    "update_time": 1763106643,
    "_id": "危险作业"
  },
  "现场安全管理": {
    "chunk_ids": [
      "chunk-a5729ee89268aa5e6e83fc270b7c5cc6"
    ],
    "count": 1,
    "create_time": 1763106643,
    "update_time": 1763106643,
    "_id": "现场安全管理"
  },
  "操作规程": {
    "chunk_ids": [
      "chunk-a5729ee89268aa5e6e83fc270b7c5cc6",
      "chunk-1a46bcd09efb92273304a960201d0dab",
      "chunk-a57af296712224682ea5a7bfaf7231b0"
    ],
    "count": 3,
    "create_time": 1763106643,
    "update_time": 1763106643,
    "_id": "操作规程"
  },
  "安全措施": {
    "chunk_ids": [
      "chunk-a5729ee89268aa5e6e83fc270b7c5cc6"
    ],
    "count": 1,
    "create_time": 1763106643,
    "update_time": 1763106643,
    "_id": "安全措施"
  },
  "从业人员": {
    "chunk_ids": [
      "chunk-a5729ee89268aa5e6e83fc270b7c5cc6",
      "chunk-fae20fb98044780a7b901e088f29e4ea",
      "chunk-a57af296712224682ea5a7bfaf7231b0"
    ],
    "count": 3,
    "create_time": 1763106643,
    "update_time": 1763106643,
    "_id": "从业人员"
  },
  "安全生产规章制度": {
    "chunk_ids": [
      "chunk-a5729ee89268aa5e6e83fc270b7c5cc6",
      "chunk-1a46bcd09efb92273304a960201d0dab",
      "chunk-a57af296712224682ea5a7bfaf7231b0"
    ],
    "count": 3,
    "create_time": 1763106643,
    "update_time": 1763106643,
    "_id": "安全生产规章制度"
  },
  "安全操作规程": {
    "chunk_ids": [
      "chunk-a5729ee89268aa5e6e83fc270b7c5cc6"
    ],
    "count": 1,
    "create_time": 1763106643,
    "update_time": 1763106643,
    "_id": "安全操作规程"
  },
  "危险因素": {
    "chunk_ids": [
      "chunk-a5729ee89268aa5e6e83fc270b7c5cc6"
    ],
    "count": 1,
    "create_time": 1763106643,
    "update_time": 1763106643,
    "_id": "危险因素"
  },
  "防范措施": {
    "chunk_ids": [
      "chunk-a5729ee89268aa5e6e83fc270b7c5cc6"
    ],
    "count": 1,
    "create_time": 1763106644,
    "update_time": 1763106644,
    "_id": "防范措施"
  },
  "事故应急措施": {
    "chunk_ids": [
      "chunk-a5729ee89268aa5e6e83fc270b7c5cc6"
    ],
    "count": 1,
    "create_time": 1763106644,
    "update_time": 1763106644,
    "_id": "事故应急措施"
  },
  "国务院应急管理部门": {
    "chunk_ids": [
      "chunk-a5729ee89268aa5e6e83fc270b7c5cc6",
      "chunk-d75431e4829206560052d72ce28c3740",
      "chunk-fae20fb98044780a7b901e088f29e4ea",
      "chunk-2fe211278e71b50d6db7e21a448e0c0f",
      "chunk-bcfb715e665d16c2a116a84dae8f91f2"
    ],
    "count": 5,
    "update_time": 1763106681,
    "_id": "国务院应急管理部门"
  },
  "国务院有关部门": {
    "chunk_ids": [
      "chunk-a5729ee89268aa5e6e83fc270b7c5cc6",
      "chunk-d75431e4829206560052d72ce28c3740"
    ],
    "count": 2,
    "create_time": 1763106644,
    "update_time": 1763106644,
    "_id": "国务院有关部门"
  },
  "部门": {
    "chunk_ids": [
      "chunk-d75431e4829206560052d72ce28c3740"
    ],
    "count": 1,
    "create_time": 1763106644,
    "update_time": 1763106644,
    "_id": "部门"
  },
  "国务院交通运输": {
    "chunk_ids": [
      "chunk-d75431e4829206560052d72ce28c3740"
    ],
    "count": 1,
    "create_time": 1763106644,
    "update_time": 1763106644,
    "_id": "国务院交通运输"
  },
  "国务院住房和城乡建设": {
    "chunk_ids": [
      "chunk-d75431e4829206560052d72ce28c3740"
    ],
    "count": 1,
    "create_time": 1763106644,
    "update_time": 1763106644,
    "_id": "国务院住房和城乡建设"
  },
  "国务院水利": {
    "chunk_ids": [
      "chunk-d75431e4829206560052d72ce28c3740"
    ],
    "count": 1,
    "create_time": 1763106644,
    "update_time": 1763106644,
    "_id": "国务院水利"
  },
  "民航": {
    "chunk_ids": [
      "chunk-d75431e4829206560052d72ce28c3740",
      "chunk-bcfb715e665d16c2a116a84dae8f91f2"
    ],
    "count": 2,
    "create_time": 1763106645,
    "update_time": 1763106645,
    "_id": "民航"
  },
  "县级以上地方各级人民政府有关部门": {
    "chunk_ids": [
      "chunk-d75431e4829206560052d72ce28c3740"
    ],
    "count": 1,
    "create_time": 1763106645,
    "update_time": 1763106645,
    "_id": "县级以上地方各级人民政府有关部门"
  },
  "新兴行业、领域": {
    "chunk_ids": [
      "chunk-d75431e4829206560052d72ce28c3740"
    ],
    "count": 1,
    "create_time": 1763106645,
    "update_time": 1763106645,
    "_id": "新兴行业、领域"
  },
  "县级以上地方各级人民政府": {
    "chunk_ids": [
      "chunk-d75431e4829206560052d72ce28c3740"
    ],
    "count": 1,
    "create_time": 1763106645,
    "update_time": 1763106645,
    "_id": "县级以上地方各级人民政府"
  },
  "应急管理部门": {
    "chunk_ids": [
      "chunk-d75431e4829206560052d72ce28c3740",
      "chunk-972f7cd87ec71c2444e4cc3f75ceab54",
      "chunk-30251d05006ecbd02e5a82a787523e97",
      "chunk-bcfb715e665d16c2a116a84dae8f91f2",
      "chunk-b4b934b3f3253651ee6c460b9fe28dc1",
      "chunk-a57af296712224682ea5a7bfaf7231b0"
    ],
    "count": 6,
    "update_time": 1763106676,
    "_id": "应急管理部门"
  },
  "负有安全生产监督管理职责的部门": {
    "chunk_ids": [
      "chunk-d75431e4829206560052d72ce28c3740",
      "chunk-bcfb715e665d16c2a116a84dae8f91f2"
    ],
    "count": 2,
    "create_time": 1763106645,
    "update_time": 1763106645,
    "_id": "负有安全生产监督管理职责的部门"
  },
  "国家标准": {
    "chunk_ids": [
      "chunk-d75431e4829206560052d72ce28c3740",
      "chunk-31f370c942c7ad87e070c42f364924f6"
    ],
    "count": 2,
    "create_time": 1763106645,
    "update_time": 1763106645,
    "_id": "国家标准"
  },
  "行业标准": {
    "chunk_ids": [
      "chunk-d75431e4829206560052d72ce28c3740",
      "chunk-31f370c942c7ad87e070c42f364924f6"
    ],
    "count": 2,
    "create_time": 1763106645,
    "update_time": 1763106645,
    "_id": "行业标准"
  },
  "生产经营单位": {
    "chunk_ids": [
      "chunk-d75431e4829206560052d72ce28c3740",
      "chunk-972f7cd87ec71c2444e4cc3f75ceab54",
      "chunk-1a46bcd09efb92273304a960201d0dab",
      "chunk-2fe211278e71b50d6db7e21a448e0c0f",
      "chunk-31f370c942c7ad87e070c42f364924f6",
      "chunk-30251d05006ecbd02e5a82a787523e97",
      "chunk-fae20fb98044780a7b901e088f29e4ea",
      "chunk-4e568ecea03c26049fd25def603f326c",
      "chunk-bcfb715e665d16c2a116a84dae8f91f2",
      "chunk-b4b934b3f3253651ee6c460b9fe28dc1",
      "chunk-a5729ee89268aa5e6e83fc270b7c5cc6",
      "chunk-a57af296712224682ea5a7bfaf7231b0"
    ],
    "count": 12,
    "update_time": 1763106678,
    "_id": "生产经营单位"
  },
  "国务院标准化行政主管部门": {
    "chunk_ids": [
      "chunk-d75431e4829206560052d72ce28c3740"
    ],
    "count": 1,
    "create_time": 1763106646,
    "update_time": 1763106646,
    "_id": "国务院标准化行政主管部门"
  },
  "安全生产强制性国家标准": {
    "chunk_ids": [
      "chunk-d75431e4829206560052d72ce28c3740"
    ],
    "count": 1,
    "create_time": 1763106646,
    "update_time": 1763106646,
    "_id": "安全生产强制性国家标准"
  },
  "主要负责人": {
    "chunk_ids": [
      "chunk-972f7cd87ec71c2444e4cc3f75ceab54"
    ],
    "count": 1,
    "create_time": 1763106646,
    "update_time": 1763106646,
    "_id": "主要负责人"
  },
  "生产安全事故": {
    "chunk_ids": [
      "chunk-972f7cd87ec71c2444e4cc3f75ceab54",
      "chunk-fae20fb98044780a7b901e088f29e4ea",
      "chunk-a57af296712224682ea5a7bfaf7231b0",
      "chunk-4e568ecea03c26049fd25def603f326c",
      "chunk-bcfb715e665d16c2a116a84dae8f91f2",
      "chunk-b4b934b3f3253651ee6c460b9fe28dc1"
    ],
    "count": 6,
    "create_time": 1763106646,
    "update_time": 1763106646,
    "_id": "生产安全事故"
  },
  "罚款": {
    "chunk_ids": [
      "chunk-972f7cd87ec71c2444e4cc3f75ceab54"
    ],
    "count": 1,
    "create_time": 1763106646,
    "update_time": 1763106646,
    "_id": "罚款"
  },
  "安全生产管理职责": {
    "chunk_ids": [
      "chunk-972f7cd87ec71c2444e4cc3f75ceab54"
    ],
    "count": 1,
    "create_time": 1763106646,
    "update_time": 1763106646,
    "_id": "安全生产管理职责"
  },
  "安全评价": {
    "chunk_ids": [
      "chunk-972f7cd87ec71c2444e4cc3f75ceab54",
      "chunk-4e568ecea03c26049fd25def603f326c"
    ],
    "count": 2,
    "create_time": 1763106646,
    "update_time": 1763106646,
    "_id": "安全评价"
  },
  "安全设施": {
    "chunk_ids": [
      "chunk-972f7cd87ec71c2444e4cc3f75ceab54",
      "chunk-31f370c942c7ad87e070c42f364924f6"
    ],
    "count": 2,
    "create_time": 1763106647,
    "update_time": 1763106647,
    "_id": "安全设施"
  },
  "安全警示标志": {
    "chunk_ids": [
      "chunk-972f7cd87ec71c2444e4cc3f75ceab54",
      "chunk-31f370c942c7ad87e070c42f364924f6"
    ],
    "count": 2,
    "create_time": 1763106647,
    "update_time": 1763106647,
    "_id": "安全警示标志"
  },
  "安全设备": {
    "chunk_ids": [
      "chunk-972f7cd87ec71c2444e4cc3f75ceab54",
      "chunk-31f370c942c7ad87e070c42f364924f6"
    ],
    "count": 2,
    "create_time": 1763106647,
    "update_time": 1763106647,
    "_id": "安全设备"
  },
  "劳动防护用品": {
    "chunk_ids": [
      "chunk-972f7cd87ec71c2444e4cc3f75ceab54",
      "chunk-a57af296712224682ea5a7bfaf7231b0",
      "chunk-a5729ee89268aa5e6e83fc270b7c5cc6"
    ],
    "count": 3,
    "update_time": 1763106668,
    "_id": "劳动防护用品"
  },
  "国务院": {
    "chunk_ids": [
      "chunk-1a46bcd09efb92273304a960201d0dab",
      "chunk-b4b934b3f3253651ee6c460b9fe28dc1",
      "chunk-bcfb715e665d16c2a116a84dae8f91f2"
    ],
    "count": 3,
    "update_time": 1763106679,
    "_id": "国务院"
  },
  "安全生产管理机构": {
    "chunk_ids": [
      "chunk-1a46bcd09efb92273304a960201d0dab"
    ],
    "count": 1,
    "create_time": 1763106647,
    "update_time": 1763106647,
    "_id": "安全生产管理机构"
  },
  "专职安全生产管理人员": {
    "chunk_ids": [
      "chunk-1a46bcd09efb92273304a960201d0dab"
    ],
    "count": 1,
    "create_time": 1763106647,
    "update_time": 1763106647,
    "_id": "专职安全生产管理人员"
  },
  "生产安全事故应急救援预案": {
    "chunk_ids": [
      "chunk-1a46bcd09efb92273304a960201d0dab",
      "chunk-fae20fb98044780a7b901e088f29e4ea"
    ],
    "count": 2,
    "create_time": 1763106648,
    "update_time": 1763106648,
    "_id": "生产安全事故应急救援预案"
  },
  "安全生产教育培训": {
    "chunk_ids": [
      "chunk-1a46bcd09efb92273304a960201d0dab"
    ],
    "count": 1,
    "create_time": 1763106648,
    "update_time": 1763106648,
    "_id": "安全生产教育培训"
  },
  "危险源辨识和评估": {
    "chunk_ids": [
      "chunk-1a46bcd09efb92273304a960201d0dab"
    ],
    "count": 1,
    "create_time": 1763106648,
    "update_time": 1763106648,
    "_id": "危险源辨识和评估"
  },
  "重大危险源": {
    "chunk_ids": [
      "chunk-1a46bcd09efb92273304a960201d0dab",
      "chunk-31f370c942c7ad87e070c42f364924f6",
      "chunk-bcfb715e665d16c2a116a84dae8f91f2"
    ],
    "count": 3,
    "update_time": 1763106680,
    "_id": "重大危险源"
  },
  "应急救援演练": {
    "chunk_ids": [
      "chunk-1a46bcd09efb92273304a960201d0dab"
    ],
    "count": 1,
    "create_time": 1763106648,
    "update_time": 1763106648,
    "_id": "应急救援演练"
  },
  "安全生产状况": {
    "chunk_ids": [
      "chunk-1a46bcd09efb92273304a960201d0dab"
    ],
    "count": 1,
    "create_time": 1763106648,
    "update_time": 1763106648,
    "_id": "安全生产状况"
  },
  "生产安全事故隐患": {
    "chunk_ids": [
      "chunk-1a46bcd09efb92273304a960201d0dab"
    ],
    "count": 1,
    "create_time": 1763106648,
    "update_time": 1763106648,
    "_id": "生产安全事故隐患"
  },
  "违章指挥": {
    "chunk_ids": [
      "chunk-1a46bcd09efb92273304a960201d0dab",
      "chunk-a57af296712224682ea5a7bfaf7231b0"
    ],
    "count": 2,
    "create_time": 1763106649,
    "update_time": 1763106649,
    "_id": "违章指挥"
  },
  "强令冒险作业": {
    "chunk_ids": [
      "chunk-1a46bcd09efb92273304a960201d0dab",
      "chunk-a57af296712224682ea5a7bfaf7231b0"
    ],
    "count": 2,
    "create_time": 1763106649,
    "update_time": 1763106649,
    "_id": "强令冒险作业"
  },
  "违反操作规程": {
    "chunk_ids": [
      "chunk-1a46bcd09efb92273304a960201d0dab"
    ],
    "count": 1,
    "create_time": 1763106649,
    "update_time": 1763106649,
    "_id": "违反操作规程"
  },
  "安全生产整改措施": {
    "chunk_ids": [
      "chunk-1a46bcd09efb92273304a960201d0dab"
    ],
    "count": 1,
    "create_time": 1763106649,
    "update_time": 1763106649,
    "_id": "安全生产整改措施"
  },
  "安全生产管理人员": {
    "chunk_ids": [
      "chunk-1a46bcd09efb92273304a960201d0dab",
      "chunk-a5729ee89268aa5e6e83fc270b7c5cc6"
    ],
    "count": 2,
    "update_time": 1763106668,
    "_id": "安全生产管理人员"
  },
  "中华人民共和国安全生产法": {
    "chunk_ids": [
      "chunk-2fe211278e71b50d6db7e21a448e0c0f"
    ],
    "count": 1,
    "create_time": 1763106649,
    "update_time": 1763106649,
    "_id": "中华人民共和国安全生产法"
  },
  "第九届全国人民代表大会常务委员会": {
    "chunk_ids": [
      "chunk-2fe211278e71b50d6db7e21a448e0c0f"
    ],
    "count": 1,
    "create_time": 1763106649,
    "update_time": 1763106649,
    "_id": "第九届全国人民代表大会常务委员会"
  },
  "第十一届全国人民代表大会常务委员会": {
    "chunk_ids": [
      "chunk-2fe211278e71b50d6db7e21a448e0c0f"
    ],
    "count": 1,
    "create_time": 1763106650,
    "update_time": 1763106650,
    "_id": "第十一届全国人民代表大会常务委员会"
  },
  "第十二届全国人民代表大会常务委员会": {
    "chunk_ids": [
      "chunk-2fe211278e71b50d6db7e21a448e0c0f"
    ],
    "count": 1,
    "create_time": 1763106650,
    "update_time": 1763106650,
    "_id": "第十二届全国人民代表大会常务委员会"
  },
  "第十三届全国人民代表大会常务委员会": {
    "chunk_ids": [
      "chunk-2fe211278e71b50d6db7e21a448e0c0f"
    ],
    "count": 1,
    "create_time": 1763106650,
    "update_time": 1763106650,
    "_id": "第十三届全国人民代表大会常务委员会"
  },
  "安全生产": {
    "chunk_ids": [
      "chunk-2fe211278e71b50d6db7e21a448e0c0f",
      "chunk-30251d05006ecbd02e5a82a787523e97"
    ],
    "count": 2,
    "create_time": 1763106650,
    "update_time": 1763106650,
    "_id": "安全生产"
  },
  "中国共产党的领导": {
    "chunk_ids": [
      "chunk-2fe211278e71b50d6db7e21a448e0c0f"
    ],
    "count": 1,
    "create_time": 1763106650,
    "update_time": 1763106650,
    "_id": "中国共产党的领导"
  },
  "以人为本": {
    "chunk_ids": [
      "chunk-2fe211278e71b50d6db7e21a448e0c0f"
    ],
    "count": 1,
    "create_time": 1763106650,
    "update_time": 1763106650,
    "_id": "以人为本"
  },
  "人民至上、生命至上": {
    "chunk_ids": [
      "chunk-2fe211278e71b50d6db7e21a448e0c0f"
    ],
    "count": 1,
    "create_time": 1763106650,
    "update_time": 1763106650,
    "_id": "人民至上、生命至上"
  },
  "安全发展理念": {
    "chunk_ids": [
      "chunk-2fe211278e71b50d6db7e21a448e0c0f"
    ],
    "count": 1,
    "create_time": 1763106650,
    "update_time": 1763106650,
    "_id": "安全发展理念"
  },
  "安全第一、预防为主、综合治理": {
    "chunk_ids": [
      "chunk-2fe211278e71b50d6db7e21a448e0c0f"
    ],
    "count": 1,
    "create_time": 1763106651,
    "update_time": 1763106651,
    "_id": "安全第一、预防为主、综合治理"
  },
  "安全生产的监督管理": {
    "chunk_ids": [
      "chunk-2fe211278e71b50d6db7e21a448e0c0f"
    ],
    "count": 1,
    "create_time": 1763106651,
    "update_time": 1763106651,
    "_id": "安全生产的监督管理"
  },
  "生产安全事故的应急救援与调查处理": {
    "chunk_ids": [
      "chunk-2fe211278e71b50d6db7e21a448e0c0f"
    ],
    "count": 1,
    "create_time": 1763106651,
    "update_time": 1763106651,
    "_id": "生产安全事故的应急救援与调查处理"
  },
  "法律责任": {
    "chunk_ids": [
      "chunk-2fe211278e71b50d6db7e21a448e0c0f"
    ],
    "count": 1,
    "create_time": 1763106651,
    "update_time": 1763106651,
    "_id": "法律责任"
  },
  "附则": {
    "chunk_ids": [
      "chunk-2fe211278e71b50d6db7e21a448e0c0f"
    ],
    "count": 1,
    "create_time": 1763106651,
    "update_time": 1763106651,
    "_id": "附则"
  },
  "建设项目": {
    "chunk_ids": [
      "chunk-31f370c942c7ad87e070c42f364924f6",
      "chunk-a57af296712224682ea5a7bfaf7231b0"
    ],
    "count": 2,
    "create_time": 1763106651,
    "update_time": 1763106651,
    "_id": "建设项目"
  },
  "审查部门": {
    "chunk_ids": [
      "chunk-31f370c942c7ad87e070c42f364924f6"
    ],
    "count": 1,
    "create_time": 1763106651,
    "update_time": 1763106651,
    "_id": "审查部门"
  },
  "施工单位": {
    "chunk_ids": [
      "chunk-31f370c942c7ad87e070c42f364924f6",
      "chunk-a5729ee89268aa5e6e83fc270b7c5cc6"
    ],
    "count": 2,
    "update_time": 1763106667,
    "_id": "施工单位"
  },
  "建设单位": {
    "chunk_ids": [
      "chunk-31f370c942c7ad87e070c42f364924f6"
    ],
    "count": 1,
    "create_time": 1763106651,
    "update_time": 1763106651,
    "_id": "建设单位"
  },
  "可燃气体报警装置": {
    "chunk_ids": [
      "chunk-31f370c942c7ad87e070c42f364924f6"
    ],
    "count": 1,
    "create_time": 1763106652,
    "update_time": 1763106652,
    "_id": "可燃气体报警装置"
  },
  "危险物品容器": {
    "chunk_ids": [
      "chunk-31f370c942c7ad87e070c42f364924f6"
    ],
    "count": 1,
    "create_time": 1763106652,
    "update_time": 1763106652,
    "_id": "危险物品容器"
  },
  "运输工具": {
    "chunk_ids": [
      "chunk-31f370c942c7ad87e070c42f364924f6"
    ],
    "count": 1,
    "create_time": 1763106652,
    "update_time": 1763106652,
    "_id": "运输工具"
  },
  "海洋石油开采特种设备": {
    "chunk_ids": [
      "chunk-31f370c942c7ad87e070c42f364924f6"
    ],
    "count": 1,
    "create_time": 1763106652,
    "update_time": 1763106652,
    "_id": "海洋石油开采特种设备"
  },
  "矿山井下特种设备": {
    "chunk_ids": [
      "chunk-31f370c942c7ad87e070c42f364924f6"
    ],
    "count": 1,
    "create_time": 1763106652,
    "update_time": 1763106652,
    "_id": "矿山井下特种设备"
  },
  "专业生产单位": {
    "chunk_ids": [
      "chunk-31f370c942c7ad87e070c42f364924f6"
    ],
    "count": 1,
    "create_time": 1763106652,
    "update_time": 1763106652,
    "_id": "专业生产单位"
  },
  "检测、检验机构": {
    "chunk_ids": [
      "chunk-31f370c942c7ad87e070c42f364924f6"
    ],
    "count": 1,
    "create_time": 1763106652,
    "update_time": 1763106652,
    "_id": "检测、检验机构"
  },
  "安全生产管理协议": {
    "chunk_ids": [
      "chunk-30251d05006ecbd02e5a82a787523e97",
      "chunk-a5729ee89268aa5e6e83fc270b7c5cc6"
    ],
    "count": 2,
    "update_time": 1763106669,
    "_id": "安全生产管理协议"
  },
  "安全生产责任保险": {
    "chunk_ids": [
      "chunk-30251d05006ecbd02e5a82a787523e97"
    ],
    "count": 1,
    "create_time": 1763106653,
    "update_time": 1763106653,
    "_id": "安全生产责任保险"
  },
  "刑法": {
    "chunk_ids": [
      "chunk-30251d05006ecbd02e5a82a787523e97"
    ],
    "count": 1,
    "create_time": 1763106653,
    "update_time": 1763106653,
    "_id": "刑法"
  },
  "重大事故隐患": {
    "chunk_ids": [
      "chunk-30251d05006ecbd02e5a82a787523e97",
      "chunk-31f370c942c7ad87e070c42f364924f6"
    ],
    "count": 2,
    "update_time": 1763106678,
    "_id": "重大事故隐患"
  },
  "停产停业整顿": {
    "chunk_ids": [
      "chunk-30251d05006ecbd02e5a82a787523e97"
    ],
    "count": 1,
    "create_time": 1763106653,
    "update_time": 1763106653,
    "_id": "停产停业整顿"
  },
  "证照": {
    "chunk_ids": [
      "chunk-30251d05006ecbd02e5a82a787523e97"
    ],
    "count": 1,
    "create_time": 1763106653,
    "update_time": 1763106653,
    "_id": "证照"
  },
  "赔偿": {
    "chunk_ids": [
      "chunk-30251d05006ecbd02e5a82a787523e97"
    ],
    "count": 1,
    "create_time": 1763106653,
    "update_time": 1763106653,
    "_id": "赔偿"
  },
  "信息库": {
    "chunk_ids": [
      "chunk-fae20fb98044780a7b901e088f29e4ea"
    ],
    "count": 1,
    "create_time": 1763106653,
    "update_time": 1763106653,
    "_id": "信息库"
  },
  "安全生产违法行为": {
    "chunk_ids": [
      "chunk-fae20fb98044780a7b901e088f29e4ea",
      "chunk-a57af296712224682ea5a7bfaf7231b0"
    ],
    "count": 2,
    "create_time": 1763106654,
    "update_time": 1763106654,
    "_id": "安全生产违法行为"
  },
  "联合惩戒措施": {
    "chunk_ids": [
      "chunk-fae20fb98044780a7b901e088f29e4ea"
    ],
    "count": 1,
    "create_time": 1763106654,
    "update_time": 1763106654,
    "_id": "联合惩戒措施"
  },
  "安全生产监督管理职责的部门": {
    "chunk_ids": [
      "chunk-fae20fb98044780a7b901e088f29e4ea",
      "chunk-b4b934b3f3253651ee6c460b9fe28dc1",
      "chunk-a57af296712224682ea5a7bfaf7231b0"
    ],
    "count": 3,
    "update_time": 1763106676,
    "_id": "安全生产监督管理职责的部门"
  },
  "应急救援基地": {
    "chunk_ids": [
      "chunk-fae20fb98044780a7b901e088f29e4ea"
    ],
    "count": 1,
    "create_time": 1763106654,
    "update_time": 1763106654,
    "_id": "应急救援基地"
  },
  "应急救援队伍": {
    "chunk_ids": [
      "chunk-fae20fb98044780a7b901e088f29e4ea"
    ],
    "count": 1,
    "create_time": 1763106654,
    "update_time": 1763106654,
    "_id": "应急救援队伍"
  },
  "国家安全生产应急救援机构": {
    "chunk_ids": [
      "chunk-fae20fb98044780a7b901e088f29e4ea"
    ],
    "count": 1,
    "create_time": 1763106654,
    "update_time": 1763106654,
    "_id": "国家安全生产应急救援机构"
  },
  "全国统一的生产安全事故应急救援信息系统": {
    "chunk_ids": [
      "chunk-fae20fb98044780a7b901e088f29e4ea"
    ],
    "count": 1,
    "create_time": 1763106654,
    "update_time": 1763106654,
    "_id": "全国统一的生产安全事故应急救援信息系统"
  },
  "应急救援组织": {
    "chunk_ids": [
      "chunk-fae20fb98044780a7b901e088f29e4ea"
    ],
    "count": 1,
    "create_time": 1763106654,
    "update_time": 1763106654,
    "_id": "应急救援组织"
  },
  "应急救援器材、设备和物资": {
    "chunk_ids": [
      "chunk-fae20fb98044780a7b901e088f29e4ea"
    ],
    "count": 1,
    "create_time": 1763106655,
    "update_time": 1763106655,
    "_id": "应急救援器材、设备和物资"
  },
  "事故现场有关人员": {
    "chunk_ids": [
      "chunk-fae20fb98044780a7b901e088f29e4ea"
    ],
    "count": 1,
    "create_time": 1763106655,
    "update_time": 1763106655,
    "_id": "事故现场有关人员"
  },
  "国务院交通运输部门": {
    "chunk_ids": [
      "chunk-fae20fb98044780a7b901e088f29e4ea"
    ],
    "count": 1,
    "create_time": 1763106655,
    "update_time": 1763106655,
    "_id": "国务院交通运输部门"
  },
  "国务院住房和城乡建设部门": {
    "chunk_ids": [
      "chunk-fae20fb98044780a7b901e088f29e4ea"
    ],
    "count": 1,
    "create_time": 1763106655,
    "update_time": 1763106655,
    "_id": "国务院住房和城乡建设部门"
  },
  "国务院水利部门": {
    "chunk_ids": [
      "chunk-fae20fb98044780a7b901e088f29e4ea"
    ],
    "count": 1,
    "create_time": 1763106655,
    "update_time": 1763106655,
    "_id": "国务院水利部门"
  },
  "国务院民航部门": {
    "chunk_ids": [
      "chunk-fae20fb98044780a7b901e088f29e4ea"
    ],
    "count": 1,
    "create_time": 1763106655,
    "update_time": 1763106655,
    "_id": "国务院民航部门"
  },
  "县级以上地方人民政府": {
    "chunk_ids": [
      "chunk-fae20fb98044780a7b901e088f29e4ea"
    ],
    "count": 1,
    "create_time": 1763106655,
    "update_time": 1763106655,
    "_id": "县级以上地方人民政府"
  },
  "乡镇人民政府": {
    "chunk_ids": [
      "chunk-fae20fb98044780a7b901e088f29e4ea"
    ],
    "count": 1,
    "create_time": 1763106655,
    "update_time": 1763106655,
    "_id": "乡镇人民政府"
  },
  "街道办事处": {
    "chunk_ids": [
      "chunk-fae20fb98044780a7b901e088f29e4ea"
    ],
    "count": 1,
    "create_time": 1763106656,
    "update_time": 1763106656,
    "_id": "街道办事处"
  },
  "开发区": {
    "chunk_ids": [
      "chunk-fae20fb98044780a7b901e088f29e4ea"
    ],
    "count": 1,
    "create_time": 1763106656,
    "update_time": 1763106656,
    "_id": "开发区"
  },
  "工业园区": {
    "chunk_ids": [
      "chunk-fae20fb98044780a7b901e088f29e4ea"
    ],
    "count": 1,
    "create_time": 1763106656,
    "update_time": 1763106656,
    "_id": "工业园区"
  },
  "港区": {
    "chunk_ids": [
      "chunk-fae20fb98044780a7b901e088f29e4ea"
    ],
    "count": 1,
    "create_time": 1763106657,
    "update_time": 1763106657,
    "_id": "港区"
  },
  "风景区": {
    "chunk_ids": [
      "chunk-fae20fb98044780a7b901e088f29e4ea"
    ],
    "count": 1,
    "create_time": 1763106657,
    "update_time": 1763106657,
    "_id": "风景区"
  },
  "生产经营规模较小的生产经营单位": {
    "chunk_ids": [
      "chunk-fae20fb98044780a7b901e088f29e4ea"
    ],
    "count": 1,
    "create_time": 1763106657,
    "update_time": 1763106657,
    "_id": "生产经营规模较小的生产经营单位"
  },
  "兼职的应急救援人员": {
    "chunk_ids": [
      "chunk-fae20fb98044780a7b901e088f29e4ea"
    ],
    "count": 1,
    "create_time": 1763106657,
    "update_time": 1763106657,
    "_id": "兼职的应急救援人员"
  },
  "危险物品的生产单位": {
    "chunk_ids": [
      "chunk-fae20fb98044780a7b901e088f29e4ea"
    ],
    "count": 1,
    "create_time": 1763106657,
    "update_time": 1763106657,
    "_id": "危险物品的生产单位"
  },
  "危险物品的经营单位": {
    "chunk_ids": [
      "chunk-fae20fb98044780a7b901e088f29e4ea"
    ],
    "count": 1,
    "create_time": 1763106657,
    "update_time": 1763106657,
    "_id": "危险物品的经营单位"
  },
  "危险物品的储存单位": {
    "chunk_ids": [
      "chunk-fae20fb98044780a7b901e088f29e4ea"
    ],
    "count": 1,
    "create_time": 1763106657,
    "update_time": 1763106657,
    "_id": "危险物品的储存单位"
  },
  "直接危及人身安全的紧急情况": {
    "chunk_ids": [
      "chunk-a57af296712224682ea5a7bfaf7231b0"
    ],
    "count": 1,
    "create_time": 1763106658,
    "update_time": 1763106658,
    "_id": "直接危及人身安全的紧急情况"
  },
  "安全生产教育和培训": {
    "chunk_ids": [
      "chunk-a57af296712224682ea5a7bfaf7231b0"
    ],
    "count": 1,
    "create_time": 1763106658,
    "update_time": 1763106658,
    "_id": "安全生产教育和培训"
  },
  "事故隐患": {
    "chunk_ids": [
      "chunk-a57af296712224682ea5a7bfaf7231b0",
      "chunk-4e568ecea03c26049fd25def603f326c"
    ],
    "count": 2,
    "create_time": 1763106658,
    "update_time": 1763106658,
    "_id": "事故隐患"
  },
  "现场安全生产管理人员": {
    "chunk_ids": [
      "chunk-a57af296712224682ea5a7bfaf7231b0"
    ],
    "count": 1,
    "create_time": 1763106658,
    "update_time": 1763106658,
    "_id": "现场安全生产管理人员"
  },
  "生产经营单位负责人": {
    "chunk_ids": [
      "chunk-a57af296712224682ea5a7bfaf7231b0"
    ],
    "count": 1,
    "create_time": 1763106658,
    "update_time": 1763106658,
    "_id": "生产经营单位负责人"
  },
  "工会": {
    "chunk_ids": [
      "chunk-a57af296712224682ea5a7bfaf7231b0"
    ],
    "count": 1,
    "create_time": 1763106658,
    "update_time": 1763106658,
    "_id": "工会"
  },
  "事故调查": {
    "chunk_ids": [
      "chunk-a57af296712224682ea5a7bfaf7231b0"
    ],
    "count": 1,
    "create_time": 1763106658,
    "update_time": 1763106658,
    "_id": "事故调查"
  },
  "安全生产法律、法规": {
    "chunk_ids": [
      "chunk-a57af296712224682ea5a7bfaf7231b0"
    ],
    "count": 1,
    "create_time": 1763106658,
    "update_time": 1763106658,
    "_id": "安全生产法律、法规"
  },
  "安全生产国家标准": {
    "chunk_ids": [
      "chunk-a57af296712224682ea5a7bfaf7231b0"
    ],
    "count": 1,
    "create_time": 1763106658,
    "update_time": 1763106658,
    "_id": "安全生产国家标准"
  },
  "安全生产条件": {
    "chunk_ids": [
      "chunk-a57af296712224682ea5a7bfaf7231b0"
    ],
    "count": 1,
    "create_time": 1763106658,
    "update_time": 1763106658,
    "_id": "安全生产条件"
  },
  "安全生产年度监督检查计划": {
    "chunk_ids": [
      "chunk-a57af296712224682ea5a7bfaf7231b0"
    ],
    "count": 1,
    "create_time": 1763106659,
    "update_time": 1763106659,
    "_id": "安全生产年度监督检查计划"
  },
  "安全生产执法工作": {
    "chunk_ids": [
      "chunk-a57af296712224682ea5a7bfaf7231b0"
    ],
    "count": 1,
    "create_time": 1763106659,
    "update_time": 1763106659,
    "_id": "安全生产执法工作"
  },
  "安全生产监督管理职责": {
    "chunk_ids": [
      "chunk-a57af296712224682ea5a7bfaf7231b0"
    ],
    "count": 1,
    "create_time": 1763106659,
    "update_time": 1763106659,
    "_id": "安全生产监督管理职责"
  },
  "World Athletics Championship": {
    "chunk_ids": [
      "chunk-e8e2d04429545a861a79b9e1f2cfef55"
    ],
    "count": 1,
    "create_time": 1763106659,
    "update_time": 1763106659,
    "_id": "World Athletics Championship"
  },
  "Tokyo": {
    "chunk_ids": [
      "chunk-e8e2d04429545a861a79b9e1f2cfef55"
    ],
    "count": 1,
    "create_time": 1763106659,
    "update_time": 1763106659,
    "_id": "Tokyo"
  },
  "Noah Carter": {
    "chunk_ids": [
      "chunk-e8e2d04429545a861a79b9e1f2cfef55"
    ],
    "count": 1,
    "create_time": 1763106659,
    "update_time": 1763106659,
    "_id": "Noah Carter"
  },
  "100m Sprint Record": {
    "chunk_ids": [
      "chunk-e8e2d04429545a861a79b9e1f2cfef55"
    ],
    "count": 1,
    "create_time": 1763106659,
    "update_time": 1763106659,
    "_id": "100m Sprint Record"
  },
  "Carbon-Fiber Spikes": {
    "chunk_ids": [
      "chunk-e8e2d04429545a861a79b9e1f2cfef55"
    ],
    "count": 1,
    "create_time": 1763106659,
    "update_time": 1763106659,
    "_id": "Carbon-Fiber Spikes"
  },
  "符合保障安全生产的国家标准或者行业标准的设施、设备、器材": {
    "chunk_ids": [
      "chunk-4e568ecea03c26049fd25def603f326c"
    ],
    "count": 1,
    "create_time": 1763106660,
    "update_time": 1763106660,
    "_id": "符合保障安全生产的国家标准或者行业标准的设施、设备、器材"
  },
  "违法生产、储存、使用、经营、运输的危险物品": {
    "chunk_ids": [
      "chunk-4e568ecea03c26049fd25def603f326c"
    ],
    "count": 1,
    "create_time": 1763106660,
    "update_time": 1763106660,
    "_id": "违法生产、储存、使用、经营、运输的危险物品"
  },
  "违法生产、储存、使用、经营危险物品的作业场所": {
    "chunk_ids": [
      "chunk-4e568ecea03c26049fd25def603f326c"
    ],
    "count": 1,
    "create_time": 1763106660,
    "update_time": 1763106660,
    "_id": "违法生产、储存、使用、经营危险物品的作业场所"
  },
  "安全生产工作监督管理部门": {
    "chunk_ids": [
      "chunk-4e568ecea03c26049fd25def603f326c"
    ],
    "count": 1,
    "create_time": 1763106660,
    "update_time": 1763106660,
    "_id": "安全生产工作监督管理部门"
  },
  "安全生产监督检查人员": {
    "chunk_ids": [
      "chunk-4e568ecea03c26049fd25def603f326c"
    ],
    "count": 1,
    "create_time": 1763106660,
    "update_time": 1763106660,
    "_id": "安全生产监督检查人员"
  },
  "技术秘密": {
    "chunk_ids": [
      "chunk-4e568ecea03c26049fd25def603f326c"
    ],
    "count": 1,
    "create_time": 1763106660,
    "update_time": 1763106660,
    "_id": "技术秘密"
  },
  "业务秘密": {
    "chunk_ids": [
      "chunk-4e568ecea03c26049fd25def603f326c"
    ],
    "count": 1,
    "create_time": 1763106660,
    "update_time": 1763106660,
    "_id": "业务秘密"
  },
  "书面记录": {
    "chunk_ids": [
      "chunk-4e568ecea03c26049fd25def603f326c"
    ],
    "count": 1,
    "create_time": 1763106660,
    "update_time": 1763106660,
    "_id": "书面记录"
  },
  "联合检查": {
    "chunk_ids": [
      "chunk-4e568ecea03c26049fd25def603f326c"
    ],
    "count": 1,
    "create_time": 1763106661,
    "update_time": 1763106661,
    "_id": "联合检查"
  },
  "停产停业、停止施工、停止使用相关设施或者设备": {
    "chunk_ids": [
      "chunk-4e568ecea03c26049fd25def603f326c"
    ],
    "count": 1,
    "create_time": 1763106661,
    "update_time": 1763106661,
    "_id": "停产停业、停止施工、停止使用相关设施或者设备"
  },
  "监察机关": {
    "chunk_ids": [
      "chunk-4e568ecea03c26049fd25def603f326c"
    ],
    "count": 1,
    "create_time": 1763106661,
    "update_time": 1763106661,
    "_id": "监察机关"
  },
  "认证": {
    "chunk_ids": [
      "chunk-4e568ecea03c26049fd25def603f326c"
    ],
    "count": 1,
    "create_time": 1763106661,
    "update_time": 1763106661,
    "_id": "认证"
  },
  "检查": {
    "chunk_ids": [
      "chunk-4e568ecea03c26049fd25def603f326c"
    ],
    "count": 1,
    "create_time": 1763106661,
    "update_time": 1763106661,
    "_id": "检查"
  },
  "抗拒、阻挠": {
    "chunk_ids": [
      "chunk-4e568ecea03c26049fd25def603f326c"
    ],
    "count": 1,
    "create_time": 1763106661,
    "update_time": 1763106661,
    "_id": "抗拒、阻挠"
  },
  "安全监管执法证件": {
    "chunk_ids": [
      "chunk-4e568ecea03c26049fd25def603f326c"
    ],
    "count": 1,
    "create_time": 1763106661,
    "update_time": 1763106661,
    "_id": "安全监管执法证件"
  },
  "一般事故": {
    "chunk_ids": [
      "chunk-bcfb715e665d16c2a116a84dae8f91f2"
    ],
    "count": 1,
    "create_time": 1763106661,
    "update_time": 1763106661,
    "_id": "一般事故"
  },
  "较大事故": {
    "chunk_ids": [
      "chunk-bcfb715e665d16c2a116a84dae8f91f2"
    ],
    "count": 1,
    "create_time": 1763106662,
    "update_time": 1763106662,
    "_id": "较大事故"
  },
  "重大事故": {
    "chunk_ids": [
      "chunk-bcfb715e665d16c2a116a84dae8f91f2"
    ],
    "count": 1,
    "create_time": 1763106662,
    "update_time": 1763106662,
    "_id": "重大事故"
  },
  "特别重大事故": {
    "chunk_ids": [
      "chunk-bcfb715e665d16c2a116a84dae8f91f2"
    ],
    "count": 1,
    "create_time": 1763106663,
    "update_time": 1763106663,
    "_id": "特别重大事故"
  },
  "铁路": {
    "chunk_ids": [
      "chunk-bcfb715e665d16c2a116a84dae8f91f2"
    ],
    "count": 1,
    "create_time": 1763106663,
    "update_time": 1763106663,
    "_id": "铁路"
  },
  "电力行业": {
    "chunk_ids": [
      "chunk-bcfb715e665d16c2a116a84dae8f91f2"
    ],
    "count": 1,
    "create_time": 1763106663,
    "update_time": 1763106663,
    "_id": "电力行业"
  },
  "县级以上人民政府": {
    "chunk_ids": [
      "chunk-bcfb715e665d16c2a116a84dae8f91f2"
    ],
    "count": 1,
    "create_time": 1763106663,
    "update_time": 1763106663,
    "_id": "县级以上人民政府"
  },
  "公安机关": {
    "chunk_ids": [
      "chunk-bcfb715e665d16c2a116a84dae8f91f2"
    ],
    "count": 1,
    "create_time": 1763106663,
    "update_time": 1763106663,
    "_id": "公安机关"
  },
  "人民法院": {
    "chunk_ids": [
      "chunk-bcfb715e665d16c2a116a84dae8f91f2"
    ],
    "count": 1,
    "create_time": 1763106663,
    "update_time": 1763106663,
    "_id": "人民法院"
  },
  "事故调查报告": {
    "chunk_ids": [
      "chunk-b4b934b3f3253651ee6c460b9fe28dc1"
    ],
    "count": 1,
    "create_time": 1763106664,
    "update_time": 1763106664,
    "_id": "事故调查报告"
  },
  "事故调查和处理的具体办法": {
    "chunk_ids": [
      "chunk-b4b934b3f3253651ee6c460b9fe28dc1"
    ],
    "count": 1,
    "create_time": 1763106664,
    "update_time": 1763106664,
    "_id": "事故调查和处理的具体办法"
  },
  "事故发生单位": {
    "chunk_ids": [
      "chunk-b4b934b3f3253651ee6c460b9fe28dc1"
    ],
    "count": 1,
    "create_time": 1763106664,
    "update_time": 1763106664,
    "_id": "事故发生单位"
  },
  "事故整改和防范措施": {
    "chunk_ids": [
      "chunk-b4b934b3f3253651ee6c460b9fe28dc1"
    ],
    "count": 1,
    "create_time": 1763106664,
    "update_time": 1763106664,
    "_id": "事故整改和防范措施"
  },
  "评估": {
    "chunk_ids": [
      "chunk-b4b934b3f3253651ee6c460b9fe28dc1"
    ],
    "count": 1,
    "create_time": 1763106664,
    "update_time": 1763106664,
    "_id": "评估"
  },
  "事故单位的责任": {
    "chunk_ids": [
      "chunk-b4b934b3f3253651ee6c460b9fe28dc1"
    ],
    "count": 1,
    "create_time": 1763106664,
    "update_time": 1763106664,
    "_id": "事故单位的责任"
  },
  "安全生产的有关事项": {
    "chunk_ids": [
      "chunk-b4b934b3f3253651ee6c460b9fe28dc1"
    ],
    "count": 1,
    "create_time": 1763106664,
    "update_time": 1763106664,
    "_id": "安全生产的有关事项"
  },
  "审查批准和监督职责的行政部门": {
    "chunk_ids": [
      "chunk-b4b934b3f3253651ee6c460b9fe28dc1"
    ],
    "count": 1,
    "create_time": 1763106664,
    "update_time": 1763106664,
    "_id": "审查批准和监督职责的行政部门"
  },
  "失职、渎职行为": {
    "chunk_ids": [
      "chunk-b4b934b3f3253651ee6c460b9fe28dc1"
    ],
    "count": 1,
    "create_time": 1763106665,
    "update_time": 1763106665,
    "_id": "失职、渎职行为"
  },
  "依法调查处理": {
    "chunk_ids": [
      "chunk-b4b934b3f3253651ee6c460b9fe28dc1"
    ],
    "count": 1,
    "create_time": 1763106665,
    "update_time": 1763106665,
    "_id": "依法调查处理"
  },
  "单位和个人": {
    "chunk_ids": [
      "chunk-b4b934b3f3253651ee6c460b9fe28dc1"
    ],
    "count": 1,
    "create_time": 1763106665,
    "update_time": 1763106665,
    "_id": "单位和个人"
  },
  "阻挠和干涉": {
    "chunk_ids": [
      "chunk-b4b934b3f3253651ee6c460b9fe28dc1"
    ],
    "count": 1,
    "create_time": 1763106666,
    "update_time": 1763106666,
    "_id": "阻挠和干涉"
  },
  "统计分析": {
    "chunk_ids": [
      "chunk-b4b934b3f3253651ee6c460b9fe28dc1"
    ],
    "count": 1,
    "create_time": 1763106666,
    "update_time": 1763106666,
    "_id": "统计分析"
  },
  "生产安全事故的情况": {
    "chunk_ids": [
      "chunk-b4b934b3f3253651ee6c460b9fe28dc1"
    ],
    "count": 1,
    "create_time": 1763106666,
    "update_time": 1763106666,
    "_id": "生产安全事故的情况"
  },
  "第九十条": {
    "chunk_ids": [
      "chunk-b4b934b3f3253651ee6c460b9fe28dc1"
    ],
    "count": 1,
    "create_time": 1763106666,
    "update_time": 1763106666,
    "_id": "第九十条"
  },
  "第九十一条": {
    "chunk_ids": [
      "chunk-b4b934b3f3253651ee6c460b9fe28dc1"
    ],
    "count": 1,
    "create_time": 1763106666,
    "update_time": 1763106666,
    "_id": "第九十一条"
  },
  "第九十二条": {
    "chunk_ids": [
      "chunk-b4b934b3f3253651ee6c460b9fe28dc1"
    ],
    "count": 1,
    "create_time": 1763106666,
    "update_time": 1763106666,
    "_id": "第九十二条"
  },
  "第九十三条": {
    "chunk_ids": [
      "chunk-b4b934b3f3253651ee6c460b9fe28dc1"
    ],
    "count": 1,
    "create_time": 1763106666,
    "update_time": 1763106666,
    "_id": "第九十三条"
  },
  "第九十四条": {
    "chunk_ids": [
      "chunk-b4b934b3f3253651ee6c460b9fe28dc1"
    ],
    "count": 1,
    "create_time": 1763106666,
    "update_time": 1763106666,
    "_id": "第九十四条"
  },
  "第九十五条": {
    "chunk_ids": [
      "chunk-b4b934b3f3253651ee6c460b9fe28dc1"
    ],
    "count": 1,
    "create_time": 1763106666,
    "update_time": 1763106666,
    "_id": "第九十五条"
  },
  "矿山、金属冶炼建设项目": {
    "chunk_ids": [
      "chunk-a5729ee89268aa5e6e83fc270b7c5cc6"
    ],
    "count": 1,
    "create_time": 1763106668,
    "update_time": 1763106668,
    "_id": "矿山、金属冶炼建设项目"
  },
  "主管的负有安全生产监督管理职责的部门": {
    "chunk_ids": [
      "chunk-a5729ee89268aa5e6e83fc270b7c5cc6"
    ],
    "count": 1,
    "create_time": 1763106668,
    "update_time": 1763106668,
    "_id": "主管的负有安全生产监督管理职责的部门"
  },
  "安全生产培训": {
    "chunk_ids": [
      "chunk-a5729ee89268aa5e6e83fc270b7c5cc6"
    ],
    "count": 1,
    "create_time": 1763106669,
    "update_time": 1763106669,
    "_id": "安全生产培训"
  },
  "承包单位, 承租单位": {
    "chunk_ids": [
      "chunk-a5729ee89268aa5e6e83fc270b7c5cc6"
    ],
    "count": 1,
    "create_time": 1763106670,
    "update_time": 1763106670,
    "_id": "承包单位, 承租单位"
  },
  "未按照规定设置安全生产管理机构": {
    "chunk_ids": [
      "chunk-972f7cd87ec71c2444e4cc3f75ceab54"
    ],
    "count": 1,
    "create_time": 1763106671,
    "update_time": 1763106671,
    "_id": "未按照规定设置安全生产管理机构"
  },
  "未按照规定配备安全生产管理人员": {
    "chunk_ids": [
      "chunk-972f7cd87ec71c2444e4cc3f75ceab54"
    ],
    "count": 1,
    "create_time": 1763106672,
    "update_time": 1763106672,
    "_id": "未按照规定配备安全生产管理人员"
  },
  "国务院和县级以上地方各级人民政府": {
    "chunk_ids": [
      "chunk-2fe211278e71b50d6db7e21a448e0c0f"
    ],
    "count": 1,
    "create_time": 1763106672,
    "update_time": 1763106672,
    "_id": "国务院和县级以上地方各级人民政府"
  },
  "生产经营单位的主要负责人": {
    "chunk_ids": [
      "chunk-2fe211278e71b50d6db7e21a448e0c0f",
      "chunk-b4b934b3f3253651ee6c460b9fe28dc1"
    ],
    "count": 2,
    "update_time": 1763106680,
    "_id": "生产经营单位的主要负责人"
  },
  "县级以上地方各级人民政府应急管理部门": {
    "chunk_ids": [
      "chunk-2fe211278e71b50d6db7e21a448e0c0f"
    ],
    "count": 1,
    "create_time": 1763106674,
    "update_time": 1763106674,
    "_id": "县级以上地方各级人民政府应急管理部门"
  },
  "生产经营单位的从业人员": {
    "chunk_ids": [
      "chunk-2fe211278e71b50d6db7e21a448e0c0f"
    ],
    "count": 1,
    "create_time": 1763106674,
    "update_time": 1763106674,
    "_id": "生产经营单位的从业人员"
  },
  "餐饮等行业的生产经营单位": {
    "chunk_ids": [
      "chunk-31f370c942c7ad87e070c42f364924f6"
    ],
    "count": 1,
    "create_time": 1763106674,
    "update_time": 1763106674,
    "_id": "餐饮等行业的生产经营单位"
  },
  "国务院交通运输、住房和城乡建设、水利、民航等部门": {
    "chunk_ids": [
      "chunk-2fe211278e71b50d6db7e21a448e0c0f"
    ],
    "count": 1,
    "create_time": 1763106675,
    "update_time": 1763106675,
    "_id": "国务院交通运输、住房和城乡建设、水利、民航等部门"
  },
  "监控、报警、防护、救生设备、设施": {
    "chunk_ids": [
      "chunk-31f370c942c7ad87e070c42f364924f6"
    ],
    "count": 1,
    "create_time": 1763106675,
    "update_time": 1763106675,
    "_id": "监控、报警、防护、救生设备、设施"
  },
  "乡镇人民政府和街道办事处,以及开发区、工业园区、港区、风景区等": {
    "chunk_ids": [
      "chunk-2fe211278e71b50d6db7e21a448e0c0f"
    ],
    "count": 1,
    "create_time": 1763106676,
    "update_time": 1763106676,
    "_id": "乡镇人民政府和街道办事处,以及开发区、工业园区、港区、风景区等"
  },
  "危险物品": {
    "chunk_ids": [
      "chunk-31f370c942c7ad87e070c42f364924f6"
    ],
    "count": 1,
    "create_time": 1763106676,
    "update_time": 1763106676,
    "_id": "危险物品"
  },
  "生产安全事故责任人": {
    "chunk_ids": [
      "chunk-bcfb715e665d16c2a116a84dae8f91f2"
    ],
    "count": 1,
    "create_time": 1763106680,
    "update_time": 1763106680,
    "_id": "生产安全事故责任人"
  },
  "负有安全生产监督管理职责的部门的工作人员": {
    "chunk_ids": [
      "chunk-b4b934b3f3253651ee6c460b9fe28dc1"
    ],
    "count": 1,
    "create_time": 1763106680,
    "update_time": 1763106680,
    "_id": "负有安全生产监督管理职责的部门的工作人员"
  },
  "承担安全评价、认证、检测、检验职责的机构": {
    "chunk_ids": [
      "chunk-b4b934b3f3253651ee6c460b9fe28dc1"
    ],
    "count": 1,
    "create_time": 1763106680,
    "update_time": 1763106680,
    "_id": "承担安全评价、认证、检测、检验职责的机构"
  },
  "受害人": {
    "chunk_ids": [
      "chunk-bcfb715e665d16c2a116a84dae8f91f2"
    ],
    "count": 1,
    "create_time": 1763106682,
    "update_time": 1763106682,
    "_id": "受害人"
  }
}