{
  "doc-99d34b63505a8ce4543007d3a9a4ca12": {
    "relation_pairs": [
      [
        "安全生产管理协议",
        "生产经营单位"
      ],
      [
        "安全生产管理职责",
        "生产经营单位"
      ],
      [
        "国务院应急管理部门",
        "重大危险源"
      ],
      [
        "安全生产管理人员",
        "重大危险源"
      ],
      [
        "安全生产年度监督检查计划",
        "应急管理部门"
      ],
      [
        "未按照规定设置安全生产管理机构",
        "生产经营单位"
      ],
      [
        "安全生产管理机构",
        "生产经营单位"
      ],
      [
        "生产经营单位",
        "第九十三条"
      ],
      [
        "生产经营单位",
        "监控、报警、防护、救生设备、设施"
      ],
      [
        "未按照规定配备安全生产管理人员",
        "生产经营单位"
      ],
      [
        "安全生产监督检查人员",
        "安全监管执法证件"
      ],
      [
        "事故发生单位",
        "安全生产监督管理职责的部门"
      ],
      [
        "乡镇人民政府和街道办事处,以及开发区、工业园区、港区、风景区等",
        "安全生产的监督管理"
      ],
      [
        "专职安全生产管理人员",
        "生产经营单位"
      ],
      [
        "Tokyo",
        "World Athletics Championship"
      ],
      [
        "安全生产教育培训",
        "安全生产管理人员"
      ],
      [
        "员工宿舍",
        "生产经营场所"
      ],
      [
        "人民法院",
        "生产安全事故责任人"
      ],
      [
        "安全生产管理人员",
        "操作规程"
      ],
      [
        "Noah Carter",
        "World Athletics Championship"
      ],
      [
        "安全生产培训",
        "生产经营单位"
      ],
      [
        "国务院和县级以上地方各级人民政府",
        "安全生产的监督管理"
      ],
      [
        "危险物品",
        "生产经营单位"
      ],
      [
        "安全警示标志",
        "生产经营单位"
      ],
      [
        "生产经营单位",
        "负有安全生产监督管理职责的部门"
      ],
      [
        "生产经营单位",
        "生产经营单位的主要负责人"
      ],
      [
        "施工单位",
        "矿山、金属冶炼建设项目"
      ],
      [
        "承担安全评价、认证、检测、检验职责的机构",
        "第九十二条"
      ],
      [
        "国务院应急管理部门",
        "安全生产的监督管理"
      ],
      [
        "县级以上人民政府",
        "负有安全生产监督管理职责的部门"
      ],
      [
        "Carbon-Fiber Spikes",
        "Noah Carter"
      ],
      [
        "危险作业",
        "生产经营单位"
      ],
      [
        "国务院",
        "重大危险源"
      ],
      [
        "生产经营单位",
        "重大危险源"
      ],
      [
        "安全生产监督检查人员",
        "技术秘密"
      ],
      [
        "安全生产条件",
        "生产经营单位"
      ],
      [
        "国务院交通运输、住房和城乡建设、水利、民航等部门",
        "安全生产的监督管理"
      ],
      [
        "安全生产监督检查人员",
        "生产经营单位"
      ],
      [
        "法律责任",
        "生产经营单位的从业人员"
      ],
      [
        "危险源辨识和评估",
        "安全生产管理机构"
      ],
      [
        "人民法院",
        "生产经营单位"
      ],
      [
        "从业人员",
        "生产经营单位"
      ],
      [
        "法律责任",
        "生产经营单位的主要负责人"
      ],
      [
        "安全生产管理机构",
        "应急救援演练"
      ],
      [
        "生产经营单位的主要负责人",
        "第九十四条"
      ],
      [
        "生产安全事故",
        "罚款"
      ],
      [
        "100m Sprint Record",
        "Noah Carter"
      ],
      [
        "主管的负有安全生产监督管理职责的部门",
        "安全生产管理人员"
      ],
      [
        "主要负责人",
        "生产经营单位"
      ],
      [
        "安全生产监督管理职责的部门",
        "安全生产违法行为"
      ],
      [
        "生产安全事故",
        "生产经营单位"
      ],
      [
        "应急管理部门",
        "生产经营单位"
      ],
      [
        "业务秘密",
        "安全生产监督检查人员"
      ],
      [
        "第九十条",
        "负有安全生产监督管理职责的部门的工作人员"
      ],
      [
        "安全生产管理机构",
        "安全生产规章制度"
      ],
      [
        "安全生产管理人员",
        "生产经营单位"
      ],
      [
        "安全设备",
        "生产经营单位"
      ],
      [
        "人民法院",
        "受害人"
      ],
      [
        "可燃气体报警装置",
        "餐饮等行业的生产经营单位"
      ],
      [
        "安全生产管理机构",
        "生产安全事故应急救援预案"
      ],
      [
        "安全生产管理机构",
        "生产安全事故隐患"
      ],
      [
        "县级以上地方各级人民政府应急管理部门",
        "安全生产的监督管理"
      ],
      [
        "生产经营单位",
        "重大事故隐患"
      ],
      [
        "承包单位, 承租单位",
        "生产经营单位"
      ],
      [
        "安全生产执法工作",
        "生产经营单位"
      ],
      [
        "安全生产状况",
        "安全生产管理人员"
      ],
      [
        "劳动防护用品",
        "生产经营单位"
      ]
    ],
    "count": 67,
    "create_time": 1763106682,
    "update_time": 1763106682,
    "_id": "doc-99d34b63505a8ce4543007d3a9a4ca12"
  }
}