{
  "chunk-8df656255298939e70152a0087afcd7d": {
    "tokens": 1073,
    "content": "数控机床操作规程\n \n！\n使用设备前应对操作所涉及内容熟悉，并经机床操作培训合格后，方可进行操作。闲人不\n得靠近机床。\n \n！\n查验“交接班记录”\n \n！\n工作前按规定应穿戴好防护用品，扎好袖口，不准戴围巾、戴手套、打领带、围围裙；女\n生发辫应挽在帽子内。\n \n！\n不得擅自修改，删除机床参数和系统文件，如须对设定参数进行修改，须经确认后方可修\n改。\n \n开机：\n \n \n应检查系统显示，机床润滑系统是否正常；开车预热，进行零点确认操作。每日首次启动液\n压系统后，应检查机床各润滑点是否润滑正常。并检查各油压值，空压机压缩空气压力是否在正\n常范围内。\n \n手动原点回归时，注意机床各轴位置要距离原点－\n100mm\n以上，机床原点回归顺序为：首\n先＋\nZ\n轴，其次＋\nX\n轴，最后是＋\nY\n轴。以防机床发生碰撞。\n \n工作台前不能站人，也不要把头、手伸到刀架里检查工件。\n \n \n \n手动操作时应先将“进给率开关”打到\n0%\n位置，再逐渐加大进给，并检查所选定坐标轴移\n动方向是否正确。\n \n\n \n使用手轮或快速移动方式移动各轴位置时，一定要先看清机床\nX\n轴、\nY\n轴、\nX\n轴方向“＋”\n、\n“－”\n标牌后再移动。\n移动时先慢慢转手轮，\n观察机床移动方向无误之后，\n方可加快移动的速度。\n \n \n要检查设备上的防护、保险、信号、位置、机械传动部分、电气、液压、数显等系统的运\n行状况，在一切正常的情况下方可进行切削加工。\n \n程序试运行：\n \n对刀应准确无误，刀具补偿号应与程序调用刀具号符合。各按钮相对位置应符合操作要求。\n认真编制、输入数控程序。确认程序无误。光标应放在主程序头。\n \n \n\n \n装入刀库中的刀具如果刀具较重或较长时，必须设置为“大刀具”。刀具直径较大时应将\n邻近刀座锁定。\n \n加工前检查工件是否夹紧，压板是否平稳。\n \n浇注适量的冷却液。\n \n操作者站立位置应合适，启动程序时，右手按停止按钮准备。\n \n加工过程：\n \n严禁超性能使用机床。按工件材料选用合理的切削速度和进给量。\n \n执行自动加工程序前，应检查程序号是否正确，并确保工件参考点数据正确。\n \n进行断点语句搜索时，应先将“进给率开关”打到\n0%\n位置，再将工作方式选择开关打到\n“REPOS”方式。\n \n\n \n两人以上操作时应由主操作者统一指挥，密切配合。操作过程中，只允许一人操作，他人不\n得干扰，以防发生事故。\n \n当机床与外部计算机进行联机工作时，不允许碰摸计算机。\n \n加工过程中认真观察切削以及冷却情况，\n确保机床刀具正常运行及工件质量，\n并关闭防护门，\n以免切屑、润滑油、切削液飞出。\n \n设备运转过程中，\n操作人不得离开机床，\n机床运行中出现异常现象，\n应立即停机，\n查明原因，\n及时处理。如遇紧急情况应按红色\n\"\n急停\n\" \n按钮，问题解决并确定无误后方可继续进行加工。\n \n关机：\n \n在程序运行中须暂停测量工件尺寸时，\n要等机床完全停止，\n主轴停转后方可进行测量，\n以免\n发生人生事故。\n \n \n调整机床、装夹工件和刀具以及擦拭机床时，必须停车进行。\n \n工具或其它物品不许放在电器、操作柜及防护罩上。\n \n不准用手直接清除铁屑，应使用专门工具清扫。\n \n不准在机床运转时离开工作岗位，因故要离开时，将工作台放在中间位置，刀杆退回，必须\n停车，并切断主机电源。\n \n为了保证设备的正常运行，要注意对设备的日常维护和保养，并作好设备\n \n运行状态记录。\n \n\n填写交接班记录，做好交接班工作",
    "chunk_order_index": 0,
    "full_doc_id": "doc-8df656255298939e70152a0087afcd7d",
    "file_path": "数控机床操作规程.pdf",
    "llm_cache_list": [],
    "create_time": 1762411808,
    "update_time": 1762411808,
    "_id": "chunk-8df656255298939e70152a0087afcd7d"
  },
  "chunk-2fe211278e71b50d6db7e21a448e0c0f": {
    "tokens": 1200,
    "content": "中华人民共和国安全生产法\n\n（2002年6月29日第九届全国人民代表大会常务委员会第二十八次会议通过　根据2009年8月27日第十一届全国人民代表大会常务委员会第十次会议《关于修改部分法律的决定》第一次修正　根据2014年8月31日第十二届全国人民代表大会常务委员会第十次会议《关于修改〈中华人民共和国安全生产法〉的决定》第二次修正　根据2021年6月10日第十三届全国人民代表大会常务委员会第二十九次会议《关于修改〈中华人民共和国安全生产法〉的决定》第三次修正）\n\n目　　录\n第一章　总　　则\n第二章　生产经营单位的安全生产保障\n第三章　从业人员的安全生产权利义务\n第四章　安全生产的监督管理\n第五章　生产安全事故的应急救援与调查处理\n第六章　法律责任\n第七章　附　　则\n\n第一章　总　　则\n\n第一条　为了加强安全生产工作，防止和减少生产安全事故，保障人民群众生命和财产安全，促进经济社会持续健康发展，制定本法。\n第二条　在中华人民共和国领域内从事生产经营活动的单位（以下统称生产经营单位）的安全生产，适用本法；有关法律、行政法规对消防安全和道路交通安全、铁路交通安全、水上交通安全、民用航空安全以及核与辐射安全、特种设备安全另有规定的，适用其规定。\n第三条　安全生产工作坚持中国共产党的领导。\n安全生产工作应当以人为本，坚持人民至上、生命至上，把保护人民生命安全摆在首位，树牢安全发展理念，坚持安全第一、预防为主、综合治理的方针，从源头上防范化解重大安全风险。\n安全生产工作实行管行业必须管安全、管业务必须管安全、管生产经营必须管安全，强化和落实生产经营单位主体责任与政府监管责任，建立生产经营单位负责、职工参与、政府监管、行业自律和社会监督的机制。\n第四条　生产经营单位必须遵守本法和其他有关安全生产的法律、法规，加强安全生产管理，建立健全全员安全生产责任制和安全生产规章制度，加大对安全生产资金、物资、技术、人员的投入保障力度，改善安全生产条件，加强安全生产标准化、信息化建设，构建安全风险分级管控和隐患排查治理双重预防机制，健全风险防范化解机制，提高安全生产水平，确保安全生产。\n平台经济等新兴行业、领域的生产经营单位应当根据本行业、领域的特点，建立健全并落实全员安全生产责任制，加强从业人员安全生产教育和培训，履行本法和其他法律、法规规定的有关安全生产义务。\n第五条　生产经营单位的主要负责人是本单位安全生产第一责任人，对本单位的安全生产工作全面负责。其他负责人对职责范围内的安全生产工作负责。\n第六条　生产经营单位的从业人员有依法获得安全生产保障的权利，并应当依法履行安全生产方面的义务。\n第七条　工会依法对安全生产工作进行监督。\n生产经营单位的工会依法组织职工参加本单位安全生产工作的民主管理和民主监督，维护职工在安全生产方面的合法权益。生产经营单位制定或者修改有关安全生产的规章制度，应当听取工会的意见。\n第八条　国务院和县级以上地方各级人民政府应当根据国民经济和社会发展规划制定安全生产规划，并组织实施。安全生产规划应当与国土空间规划等相关规划相衔接。\n各级人民政府应当加强安全生产基础设施建设和安全生产监管能力建设，所需经费列入本级预算。\n县级以上地方各级人民政府应当组织有关部门建立完善安全风险评估与论证机制，按照安全风险管控要求，进行产业规划和空间布局，并对位置相邻、行业相近、业态相似的生产经营单位实施重大安全风险联防联控。\n第九条　国务院和县级以上地方各级人民政府应当加强对安全生产工作的领导，建立健全安全生产工作协调机制，支持、督促各有关部门依法履行安全生产监督管理职责，及时协调、解决安全生产监督管理中存在的重大问题。\n乡镇人民政府和街道办事处，以及开发区、工业园区、港区、风景区等应当明确负责安全生产监督管理的有关工作机构及其职责，加强安全生产监管力量建设，按照职责对本行政区域或者管理区域内生产经营单位安全生产状况进行监督检查，协助人民政府有关部门或者按照授权依法履行安全生产监督管理职责。\n第十条　国务院应急管理部门依照本法，对全国安全生产工作实施综合监督管理；县级以上地方各级人民政府应急管理部门依照本法，对本行政区域内安全生产工作实施综合监督管理。\n国务院交通运输、住房和城乡建设、水利、民航等有关部门依照本法和其他有关法律、行政法规的规定，在各自的职责范围内对有关行业、领域的安全生产工作实施监督管理；县级以上地方各级人民政府有关部门依照本法和其他有关法律、法规的规定，在各自的职责范围内对有关行业、",
    "chunk_order_index": 0,
    "full_doc_id": "doc-99d34b63505a8ce4543007d3a9a4ca12",
    "file_path": "中华人民共和国安全生产法_20210610.docx",
    "llm_cache_list": [
      "default:extract:8d6f9b0234807c4992f16d4d4328a551",
      "default:extract:2972a63dee66cd9890c1bc0c0dfca225"
    ],
    "create_time": 1763106587,
    "update_time": 1763106606,
    "_id": "chunk-2fe211278e71b50d6db7e21a448e0c0f"
  },
  "chunk-d75431e4829206560052d72ce28c3740": {
    "tokens": 1200,
    "content": "部门依照本法，对本行政区域内安全生产工作实施综合监督管理。\n国务院交通运输、住房和城乡建设、水利、民航等有关部门依照本法和其他有关法律、行政法规的规定，在各自的职责范围内对有关行业、领域的安全生产工作实施监督管理；县级以上地方各级人民政府有关部门依照本法和其他有关法律、法规的规定，在各自的职责范围内对有关行业、领域的安全生产工作实施监督管理。对新兴行业、领域的安全生产监督管理职责不明确的，由县级以上地方各级人民政府按照业务相近的原则确定监督管理部门。\n应急管理部门和对有关行业、领域的安全生产工作实施监督管理的部门，统称负有安全生产监督管理职责的部门。负有安全生产监督管理职责的部门应当相互配合、齐抓共管、信息共享、资源共用，依法加强安全生产监督管理工作。\n第十一条　国务院有关部门应当按照保障安全生产的要求，依法及时制定有关的国家标准或者行业标准，并根据科技进步和经济发展适时修订。\n生产经营单位必须执行依法制定的保障安全生产的国家标准或者行业标准。\n第十二条　国务院有关部门按照职责分工负责安全生产强制性国家标准的项目提出、组织起草、征求意见、技术审查。国务院应急管理部门统筹提出安全生产强制性国家标准的立项计划。国务院标准化行政主管部门负责安全生产强制性国家标准的立项、编号、对外通报和授权批准发布工作。国务院标准化行政主管部门、有关部门依据法定职责对安全生产强制性国家标准的实施进行监督检查。\n第十三条　各级人民政府及其有关部门应当采取多种形式，加强对有关安全生产的法律、法规和安全生产知识的宣传，增强全社会的安全生产意识。\n第十四条　有关协会组织依照法律、行政法规和章程，为生产经营单位提供安全生产方面的信息、培训等服务，发挥自律作用，促进生产经营单位加强安全生产管理。\n第十五条　依法设立的为安全生产提供技术、管理服务的机构，依照法律、行政法规和执业准则，接受生产经营单位的委托为其安全生产工作提供技术、管理服务。\n生产经营单位委托前款规定的机构提供安全生产技术、管理服务的，保证安全生产的责任仍由本单位负责。\n第十六条　国家实行生产安全事故责任追究制度，依照本法和有关法律、法规的规定，追究生产安全事故责任单位和责任人员的法律责任。\n第十七条　县级以上各级人民政府应当组织负有安全生产监督管理职责的部门依法编制安全生产权力和责任清单，公开并接受社会监督。\n第十八条　国家鼓励和支持安全生产科学技术研究和安全生产先进技术的推广应用，提高安全生产水平。\n第十九条　国家对在改善安全生产条件、防止生产安全事故、参加抢险救护等方面取得显著成绩的单位和个人，给予奖励。\n\n第二章　生产经营单位的安全生产保障\n\n第二十条　生产经营单位应当具备本法和有关法律、行政法规和国家标准或者行业标准规定的安全生产条件；不具备安全生产条件的，不得从事生产经营活动。\n第二十一条　生产经营单位的主要负责人对本单位安全生产工作负有下列职责：\n（一）建立健全并落实本单位全员安全生产责任制，加强安全生产标准化建设；\n（二）组织制定并实施本单位安全生产规章制度和操作规程；\n（三）组织制定并实施本单位安全生产教育和培训计划；\n（四）保证本单位安全生产投入的有效实施；\n（五）组织建立并落实安全风险分级管控和隐患排查治理双重预防工作机制，督促、检查本单位的安全生产工作，及时消除生产安全事故隐患；\n（六）组织制定并实施本单位的生产安全事故应急救援预案；\n（七）及时、如实报告生产安全事故。\n第二十二条　生产经营单位的全员安全生产责任制应当明确各岗位的责任人员、责任范围和考核标准等内容。\n生产经营单位应当建立相应的机制，加强对全员安全生产责任制落实情况的监督考核，保证全员安全生产责任制的落实。\n第二十三条　生产经营单位应当具备的安全生产条件所必需的资金投入，由生产经营单位的决策机构、主要负责人或者个人经营的投资人予以保证，并对由于安全生产所必需的资金投入不足导致的后果承担责任。\n有关生产经营单位应当按照规定提取和使用安全生产费用，专门用于改善安全生产条件。安全生产费用在成本中据实列支。安全生产费用提取、使用和监督管理的具体办法由国务院财政部门会同国务院应急管理部门征求国务院有关部门意见后制定。\n第二十四条　矿山、金属冶炼、建筑施工、运输单位和危险物品的生产、经营、储存、装卸单位，应当设置安全生产管理机构或者配备专职安全生产管理人员。\n前款规定以外的其他生产经营单位，从业人员超过一百人的，应当设置安全生产管理机构或者配备专职安全生产管理人员；从业人员在",
    "chunk_order_index": 1,
    "full_doc_id": "doc-99d34b63505a8ce4543007d3a9a4ca12",
    "file_path": "中华人民共和国安全生产法_20210610.docx",
    "llm_cache_list": [
      "default:extract:49945774fe23dde239facf17c4bf6def",
      "default:extract:8dcadabeaef7a657ffce5d78c2d84812"
    ],
    "create_time": 1763106587,
    "update_time": 1763106602,
    "_id": "chunk-d75431e4829206560052d72ce28c3740"
  },
  "chunk-1a46bcd09efb92273304a960201d0dab": {
    "tokens": 1200,
    "content": "急管理部门征求国务院有关部门意见后制定。\n第二十四条　矿山、金属冶炼、建筑施工、运输单位和危险物品的生产、经营、储存、装卸单位，应当设置安全生产管理机构或者配备专职安全生产管理人员。\n前款规定以外的其他生产经营单位，从业人员超过一百人的，应当设置安全生产管理机构或者配备专职安全生产管理人员；从业人员在一百人以下的，应当配备专职或者兼职的安全生产管理人员。\n第二十五条　生产经营单位的安全生产管理机构以及安全生产管理人员履行下列职责：\n（一）组织或者参与拟订本单位安全生产规章制度、操作规程和生产安全事故应急救援预案；\n（二）组织或者参与本单位安全生产教育和培训，如实记录安全生产教育和培训情况；\n（三）组织开展危险源辨识和评估，督促落实本单位重大危险源的安全管理措施；\n（四）组织或者参与本单位应急救援演练；\n（五）检查本单位的安全生产状况，及时排查生产安全事故隐患，提出改进安全生产管理的建议；\n（六）制止和纠正违章指挥、强令冒险作业、违反操作规程的行为；\n（七）督促落实本单位安全生产整改措施。\n生产经营单位可以设置专职安全生产分管负责人，协助本单位主要负责人履行安全生产管理职责。\n第二十六条　生产经营单位的安全生产管理机构以及安全生产管理人员应当恪尽职守，依法履行职责。\n生产经营单位作出涉及安全生产的经营决策，应当听取安全生产管理机构以及安全生产管理人员的意见。\n生产经营单位不得因安全生产管理人员依法履行职责而降低其工资、福利等待遇或者解除与其订立的劳动合同。\n危险物品的生产、储存单位以及矿山、金属冶炼单位的安全生产管理人员的任免，应当告知主管的负有安全生产监督管理职责的部门。\n第二十七条　生产经营单位的主要负责人和安全生产管理人员必须具备与本单位所从事的生产经营活动相应的安全生产知识和管理能力。\n危险物品的生产、经营、储存、装卸单位以及矿山、金属冶炼、建筑施工、运输单位的主要负责人和安全生产管理人员，应当由主管的负有安全生产监督管理职责的部门对其安全生产知识和管理能力考核合格。考核不得收费。\n危险物品的生产、储存、装卸单位以及矿山、金属冶炼单位应当有注册安全工程师从事安全生产管理工作。鼓励其他生产经营单位聘用注册安全工程师从事安全生产管理工作。注册安全工程师按专业分类管理，具体办法由国务院人力资源和社会保障部门、国务院应急管理部门会同国务院有关部门制定。\n第二十八条　生产经营单位应当对从业人员进行安全生产教育和培训，保证从业人员具备必要的安全生产知识，熟悉有关的安全生产规章制度和安全操作规程，掌握本岗位的安全操作技能，了解事故应急处理措施，知悉自身在安全生产方面的权利和义务。未经安全生产教育和培训合格的从业人员，不得上岗作业。\n生产经营单位使用被派遣劳动者的，应当将被派遣劳动者纳入本单位从业人员统一管理，对被派遣劳动者进行岗位安全操作规程和安全操作技能的教育和培训。劳务派遣单位应当对被派遣劳动者进行必要的安全生产教育和培训。\n生产经营单位接收中等职业学校、高等学校学生实习的，应当对实习学生进行相应的安全生产教育和培训，提供必要的劳动防护用品。学校应当协助生产经营单位对实习学生进行安全生产教育和培训。\n生产经营单位应当建立安全生产教育和培训档案，如实记录安全生产教育和培训的时间、内容、参加人员以及考核结果等情况。\n第二十九条　生产经营单位采用新工艺、新技术、新材料或者使用新设备，必须了解、掌握其安全技术特性，采取有效的安全防护措施，并对从业人员进行专门的安全生产教育和培训。\n第三十条　生产经营单位的特种作业人员必须按照国家有关规定经专门的安全作业培训，取得相应资格，方可上岗作业。\n特种作业人员的范围由国务院应急管理部门会同国务院有关部门确定。\n第三十一条　生产经营单位新建、改建、扩建工程项目（以下统称建设项目）的安全设施，必须与主体工程同时设计、同时施工、同时投入生产和使用。安全设施投资应当纳入建设项目概算。\n第三十二条　矿山、金属冶炼建设项目和用于生产、储存、装卸危险物品的建设项目，应当按照国家有关规定进行安全评价。\n第三十三条　建设项目安全设施的设计人、设计单位应当对安全设施设计负责。\n矿山、金属冶炼建设项目和用于生产、储存、装卸危险物品的建设项目的安全设施设计应当按照国家有关规定报经有关部门审查，审查部门及其负责审查的人员对审",
    "chunk_order_index": 2,
    "full_doc_id": "doc-99d34b63505a8ce4543007d3a9a4ca12",
    "file_path": "中华人民共和国安全生产法_20210610.docx",
    "llm_cache_list": [
      "default:extract:f19613511d76de8aec8cf473f032dfe4",
      "default:extract:0e8510e087f72f96acc9c5679a78dddf"
    ],
    "create_time": 1763106587,
    "update_time": 1763106607,
    "_id": "chunk-1a46bcd09efb92273304a960201d0dab"
  },
  "chunk-31f370c942c7ad87e070c42f364924f6": {
    "tokens": 1200,
    "content": "用于生产、储存、装卸危险物品的建设项目，应当按照国家有关规定进行安全评价。\n第三十三条　建设项目安全设施的设计人、设计单位应当对安全设施设计负责。\n矿山、金属冶炼建设项目和用于生产、储存、装卸危险物品的建设项目的安全设施设计应当按照国家有关规定报经有关部门审查，审查部门及其负责审查的人员对审查结果负责。\n第三十四条　矿山、金属冶炼建设项目和用于生产、储存、装卸危险物品的建设项目的施工单位必须按照批准的安全设施设计施工，并对安全设施的工程质量负责。\n矿山、金属冶炼建设项目和用于生产、储存、装卸危险物品的建设项目竣工投入生产或者使用前，应当由建设单位负责组织对安全设施进行验收；验收合格后，方可投入生产和使用。负有安全生产监督管理职责的部门应当加强对建设单位验收活动和验收结果的监督核查。\n第三十五条　生产经营单位应当在有较大危险因素的生产经营场所和有关设施、设备上，设置明显的安全警示标志。\n第三十六条　安全设备的设计、制造、安装、使用、检测、维修、改造和报废，应当符合国家标准或者行业标准。\n生产经营单位必须对安全设备进行经常性维护、保养，并定期检测，保证正常运转。维护、保养、检测应当作好记录，并由有关人员签字。\n生产经营单位不得关闭、破坏直接关系生产安全的监控、报警、防护、救生设备、设施，或者篡改、隐瞒、销毁其相关数据、信息。\n餐饮等行业的生产经营单位使用燃气的，应当安装可燃气体报警装置，并保障其正常使用。\n第三十七条　生产经营单位使用的危险物品的容器、运输工具，以及涉及人身安全、危险性较大的海洋石油开采特种设备和矿山井下特种设备，必须按照国家有关规定，由专业生产单位生产，并经具有专业资质的检测、检验机构检测、检验合格，取得安全使用证或者安全标志，方可投入使用。检测、检验机构对检测、检验结果负责。\n第三十八条　国家对严重危及生产安全的工艺、设备实行淘汰制度，具体目录由国务院应急管理部门会同国务院有关部门制定并公布。法律、行政法规对目录的制定另有规定的，适用其规定。\n省、自治区、直辖市人民政府可以根据本地区实际情况制定并公布具体目录，对前款规定以外的危及生产安全的工艺、设备予以淘汰。\n生产经营单位不得使用应当淘汰的危及生产安全的工艺、设备。\n第三十九条　生产、经营、运输、储存、使用危险物品或者处置废弃危险物品的，由有关主管部门依照有关法律、法规的规定和国家标准或者行业标准审批并实施监督管理。\n生产经营单位生产、经营、运输、储存、使用危险物品或者处置废弃危险物品，必须执行有关法律、法规和国家标准或者行业标准，建立专门的安全管理制度，采取可靠的安全措施，接受有关主管部门依法实施的监督管理。\n第四十条　生产经营单位对重大危险源应当登记建档，进行定期检测、评估、监控，并制定应急预案，告知从业人员和相关人员在紧急情况下应当采取的应急措施。\n生产经营单位应当按照国家有关规定将本单位重大危险源及有关安全措施、应急措施报有关地方人民政府应急管理部门和有关部门备案。有关地方人民政府应急管理部门和有关部门应当通过相关信息系统实现信息共享。\n第四十一条　生产经营单位应当建立安全风险分级管控制度，按照安全风险分级采取相应的管控措施。\n生产经营单位应当建立健全并落实生产安全事故隐患排查治理制度，采取技术、管理措施，及时发现并消除事故隐患。事故隐患排查治理情况应当如实记录，并通过职工大会或者职工代表大会、信息公示栏等方式向从业人员通报。其中，重大事故隐患排查治理情况应当及时向负有安全生产监督管理职责的部门和职工大会或者职工代表大会报告。\n县级以上地方各级人民政府负有安全生产监督管理职责的部门应当将重大事故隐患纳入相关信息系统，建立健全重大事故隐患治理督办制度，督促生产经营单位消除重大事故隐患。\n第四十二条　生产、经营、储存、使用危险物品的车间、商店、仓库不得与员工宿舍在同一座建筑物内，并应当与员工宿舍保持安全距离。\n生产经营场所和员工宿舍应当设有符合紧急疏散要求、标志明显、保持畅通的出口、疏散通道。禁止占用、锁闭、封堵生产经营场所或者员工宿舍的出口、疏散通道。\n第四十三条　生产经营单位进行爆破、吊装、动火、临时用电以及国务院应急管理部门会同国务院有关",
    "chunk_order_index": 3,
    "full_doc_id": "doc-99d34b63505a8ce4543007d3a9a4ca12",
    "file_path": "中华人民共和国安全生产法_20210610.docx",
    "llm_cache_list": [
      "default:extract:b15e59d7e44f05eaf6bc7f28fc65d2c1",
      "default:extract:0dcc4d73d8beb36ac5dfb9b3dd52e12b"
    ],
    "create_time": 1763106587,
    "update_time": 1763106607,
    "_id": "chunk-31f370c942c7ad87e070c42f364924f6"
  },
  "chunk-a5729ee89268aa5e6e83fc270b7c5cc6": {
    "tokens": 1200,
    "content": "员工宿舍保持安全距离。\n生产经营场所和员工宿舍应当设有符合紧急疏散要求、标志明显、保持畅通的出口、疏散通道。禁止占用、锁闭、封堵生产经营场所或者员工宿舍的出口、疏散通道。\n第四十三条　生产经营单位进行爆破、吊装、动火、临时用电以及国务院应急管理部门会同国务院有关部门规定的其他危险作业，应当安排专门人员进行现场安全管理，确保操作规程的遵守和安全措施的落实。\n第四十四条　生产经营单位应当教育和督促从业人员严格执行本单位的安全生产规章制度和安全操作规程；并向从业人员如实告知作业场所和工作岗位存在的危险因素、防范措施以及事故应急措施。\n生产经营单位应当关注从业人员的身体、心理状况和行为习惯，加强对从业人员的心理疏导、精神慰藉，严格落实岗位安全生产责任，防范从业人员行为异常导致事故发生。\n第四十五条　生产经营单位必须为从业人员提供符合国家标准或者行业标准的劳动防护用品，并监督、教育从业人员按照使用规则佩戴、使用。\n第四十六条　生产经营单位的安全生产管理人员应当根据本单位的生产经营特点，对安全生产状况进行经常性检查；对检查中发现的安全问题，应当立即处理；不能处理的，应当及时报告本单位有关负责人，有关负责人应当及时处理。检查及处理情况应当如实记录在案。\n生产经营单位的安全生产管理人员在检查中发现重大事故隐患，依照前款规定向本单位有关负责人报告，有关负责人不及时处理的，安全生产管理人员可以向主管的负有安全生产监督管理职责的部门报告，接到报告的部门应当依法及时处理。\n第四十七条　生产经营单位应当安排用于配备劳动防护用品、进行安全生产培训的经费。\n第四十八条　两个以上生产经营单位在同一作业区域内进行生产经营活动，可能危及对方生产安全的，应当签订安全生产管理协议，明确各自的安全生产管理职责和应当采取的安全措施，并指定专职安全生产管理人员进行安全检查与协调。\n第四十九条　生产经营单位不得将生产经营项目、场所、设备发包或者出租给不具备安全生产条件或者相应资质的单位或者个人。\n生产经营项目、场所发包或者出租给其他单位的，生产经营单位应当与承包单位、承租单位签订专门的安全生产管理协议，或者在承包合同、租赁合同中约定各自的安全生产管理职责；生产经营单位对承包单位、承租单位的安全生产工作统一协调、管理，定期进行安全检查，发现安全问题的，应当及时督促整改。\n矿山、金属冶炼建设项目和用于生产、储存、装卸危险物品的建设项目的施工单位应当加强对施工项目的安全管理，不得倒卖、出租、出借、挂靠或者以其他形式非法转让施工资质，不得将其承包的全部建设工程转包给第三人或者将其承包的全部建设工程支解以后以分包的名义分别转包给第三人，不得将工程分包给不具备相应资质条件的单位。\n第五十条　生产经营单位发生生产安全事故时，单位的主要负责人应当立即组织抢救，并不得在事故调查处理期间擅离职守。\n第五十一条　生产经营单位必须依法参加工伤保险，为从业人员缴纳保险费。\n国家鼓励生产经营单位投保安全生产责任保险；属于国家规定的高危行业、领域的生产经营单位，应当投保安全生产责任保险。具体范围和实施办法由国务院应急管理部门会同国务院财政部门、国务院保险监督管理机构和相关行业主管部门制定。\n\n第三章　从业人员的安全生产权利义务\n\n第五十二条　生产经营单位与从业人员订立的劳动合同，应当载明有关保障从业人员劳动安全、防止职业危害的事项，以及依法为从业人员办理工伤保险的事项。\n生产经营单位不得以任何形式与从业人员订立协议，免除或者减轻其对从业人员因生产安全事故伤亡依法应承担的责任。\n第五十三条　生产经营单位的从业人员有权了解其作业场所和工作岗位存在的危险因素、防范措施及事故应急措施，有权对本单位的安全生产工作提出建议。\n第五十四条　从业人员有权对本单位安全生产工作中存在的问题提出批评、检举、控告；有权拒绝违章指挥和强令冒险作业。\n生产经营单位不得因从业人员对本单位安全生产工作提出批评、检举、控告或者拒绝违章指挥、强令冒险作业而降低其工资、福利等待遇或者解除与其订立的劳动合同。\n第五十五条　从业人员发现直接危及人身安全的紧急情况时，有权停止作业或者在采取可能的应急措施后撤离作业场所。\n生产经营单位不得因从业人员在前款紧急情况下停止作业或者采取紧急撤离措施而降低",
    "chunk_order_index": 4,
    "full_doc_id": "doc-99d34b63505a8ce4543007d3a9a4ca12",
    "file_path": "中华人民共和国安全生产法_20210610.docx",
    "llm_cache_list": [
      "default:extract:535957d9c1ffdd1930f629950c220f91",
      "default:extract:d8427941babf6f915c39867e0205339a"
    ],
    "create_time": 1763106587,
    "update_time": 1763106619,
    "_id": "chunk-a5729ee89268aa5e6e83fc270b7c5cc6"
  },
  "chunk-a57af296712224682ea5a7bfaf7231b0": {
    "tokens": 1200,
    "content": "控告或者拒绝违章指挥、强令冒险作业而降低其工资、福利等待遇或者解除与其订立的劳动合同。\n第五十五条　从业人员发现直接危及人身安全的紧急情况时，有权停止作业或者在采取可能的应急措施后撤离作业场所。\n生产经营单位不得因从业人员在前款紧急情况下停止作业或者采取紧急撤离措施而降低其工资、福利等待遇或者解除与其订立的劳动合同。\n第五十六条　生产经营单位发生生产安全事故后，应当及时采取措施救治有关人员。\n因生产安全事故受到损害的从业人员，除依法享有工伤保险外，依照有关民事法律尚有获得赔偿的权利的，有权提出赔偿要求。\n第五十七条　从业人员在作业过程中，应当严格落实岗位安全责任，遵守本单位的安全生产规章制度和操作规程，服从管理，正确佩戴和使用劳动防护用品。\n第五十八条　从业人员应当接受安全生产教育和培训，掌握本职工作所需的安全生产知识，提高安全生产技能，增强事故预防和应急处理能力。\n第五十九条　从业人员发现事故隐患或者其他不安全因素，应当立即向现场安全生产管理人员或者本单位负责人报告；接到报告的人员应当及时予以处理。\n第六十条　工会有权对建设项目的安全设施与主体工程同时设计、同时施工、同时投入生产和使用进行监督，提出意见。\n工会对生产经营单位违反安全生产法律、法规，侵犯从业人员合法权益的行为，有权要求纠正；发现生产经营单位违章指挥、强令冒险作业或者发现事故隐患时，有权提出解决的建议，生产经营单位应当及时研究答复；发现危及从业人员生命安全的情况时，有权向生产经营单位建议组织从业人员撤离危险场所，生产经营单位必须立即作出处理。\n工会有权依法参加事故调查，向有关部门提出处理意见，并要求追究有关人员的责任。\n第六十一条　生产经营单位使用被派遣劳动者的，被派遣劳动者享有本法规定的从业人员的权利，并应当履行本法规定的从业人员的义务。\n\n第四章　安全生产的监督管理\n\n第六十二条　县级以上地方各级人民政府应当根据本行政区域内的安全生产状况，组织有关部门按照职责分工，对本行政区域内容易发生重大生产安全事故的生产经营单位进行严格检查。\n应急管理部门应当按照分类分级监督管理的要求，制定安全生产年度监督检查计划，并按照年度监督检查计划进行监督检查，发现事故隐患，应当及时处理。\n第六十三条　负有安全生产监督管理职责的部门依照有关法律、法规的规定，对涉及安全生产的事项需要审查批准（包括批准、核准、许可、注册、认证、颁发证照等，下同）或者验收的，必须严格依照有关法律、法规和国家标准或者行业标准规定的安全生产条件和程序进行审查；不符合有关法律、法规和国家标准或者行业标准规定的安全生产条件的，不得批准或者验收通过。对未依法取得批准或者验收合格的单位擅自从事有关活动的，负责行政审批的部门发现或者接到举报后应当立即予以取缔，并依法予以处理。对已经依法取得批准的单位，负责行政审批的部门发现其不再具备安全生产条件的，应当撤销原批准。\n第六十四条　负有安全生产监督管理职责的部门对涉及安全生产的事项进行审查、验收，不得收取费用；不得要求接受审查、验收的单位购买其指定品牌或者指定生产、销售单位的安全设备、器材或者其他产品。\n第六十五条　应急管理部门和其他负有安全生产监督管理职责的部门依法开展安全生产行政执法工作，对生产经营单位执行有关安全生产的法律、法规和国家标准或者行业标准的情况进行监督检查，行使以下职权：\n（一）进入生产经营单位进行检查，调阅有关资料，向有关单位和人员了解情况；\n（二）对检查中发现的安全生产违法行为，当场予以纠正或者要求限期改正；对依法应当给予行政处罚的行为，依照本法和其他有关法律、行政法规的规定作出行政处罚决定；\n（三）对检查中发现的事故隐患，应当责令立即排除；重大事故隐患排除前或者排除过程中无法保证安全的，应当责令从危险区域内撤出作业人员，责令暂时停产停业或者停止使用相关设施、设备；重大事故隐患排除后，经审查同意，方可恢复生产经营和使用；\n（四）对有根据认为不符合保障安全生产的国家标准或者行业标准的设施、设备、器材以及违法生产、储存、使用、经营、运输的危险物品予以查封或者扣押，对违法生产、储存、使用、经营危险物品的作业场所予以查封，并依法作出处理决定。\n监督检查不得影响被检查单位的正常生产经营活动。\n第六十六条　生产经营单位对负有安全生产监督管理职责的",
    "chunk_order_index": 5,
    "full_doc_id": "doc-99d34b63505a8ce4543007d3a9a4ca12",
    "file_path": "中华人民共和国安全生产法_20210610.docx",
    "llm_cache_list": [
      "default:extract:c1474ceb9e312900cb42d2a46d8dbe30",
      "default:extract:940944ac066d518dff8f696d75ff21a1"
    ],
    "create_time": 1763106587,
    "update_time": 1763106620,
    "_id": "chunk-a57af296712224682ea5a7bfaf7231b0"
  },
  "chunk-4e568ecea03c26049fd25def603f326c": {
    "tokens": 1200,
    "content": "符合保障安全生产的国家标准或者行业标准的设施、设备、器材以及违法生产、储存、使用、经营、运输的危险物品予以查封或者扣押，对违法生产、储存、使用、经营危险物品的作业场所予以查封，并依法作出处理决定。\n监督检查不得影响被检查单位的正常生产经营活动。\n第六十六条　生产经营单位对负有安全生产监督管理职责的部门的监督检查人员（以下统称安全生产监督检查人员）依法履行监督检查职责，应当予以配合，不得拒绝、阻挠。\n第六十七条　安全生产监督检查人员应当忠于职守，坚持原则，秉公执法。\n安全生产监督检查人员执行监督检查任务时，必须出示有效的行政执法证件；对涉及被检查单位的技术秘密和业务秘密，应当为其保密。\n第六十八条　安全生产监督检查人员应当将检查的时间、地点、内容、发现的问题及其处理情况，作出书面记录，并由检查人员和被检查单位的负责人签字；被检查单位的负责人拒绝签字的，检查人员应当将情况记录在案，并向负有安全生产监督管理职责的部门报告。\n第六十九条　负有安全生产监督管理职责的部门在监督检查中，应当互相配合，实行联合检查；确需分别进行检查的，应当互通情况，发现存在的安全问题应当由其他有关部门进行处理的，应当及时移送其他有关部门并形成记录备查，接受移送的部门应当及时进行处理。\n第七十条　负有安全生产监督管理职责的部门依法对存在重大事故隐患的生产经营单位作出停产停业、停止施工、停止使用相关设施或者设备的决定，生产经营单位应当依法执行，及时消除事故隐患。生产经营单位拒不执行，有发生生产安全事故的现实危险的，在保证安全的前提下，经本部门主要负责人批准，负有安全生产监督管理职责的部门可以采取通知有关单位停止供电、停止供应民用爆炸物品等措施，强制生产经营单位履行决定。通知应当采用书面形式，有关单位应当予以配合。\n负有安全生产监督管理职责的部门依照前款规定采取停止供电措施，除有危及生产安全的紧急情形外，应当提前二十四小时通知生产经营单位。生产经营单位依法履行行政决定、采取相应措施消除事故隐患的，负有安全生产监督管理职责的部门应当及时解除前款规定的措施。\n第七十一条　监察机关依照监察法的规定，对负有安全生产监督管理职责的部门及其工作人员履行安全生产监督管理职责实施监察。\n第七十二条　承担安全评价、认证、检测、检验职责的机构应当具备国家规定的资质条件，并对其作出的安全评价、认证、检测、检验结果的合法性、真实性负责。资质条件由国务院应急管理部门会同国务院有关部门制定。\n承担安全评价、认证、检测、检验职责的机构应当建立并实施服务公开和报告公开制度，不得租借资质、挂靠、出具虚假报告。\n第七十三条　负有安全生产监督管理职责的部门应当建立举报制度，公开举报电话、信箱或者电子邮件地址等网络举报平台，受理有关安全生产的举报；受理的举报事项经调查核实后，应当形成书面材料；需要落实整改措施的，报经有关负责人签字并督促落实。对不属于本部门职责，需要由其他有关部门进行调查处理的，转交其他有关部门处理。\n涉及人员死亡的举报事项，应当由县级以上人民政府组织核查处理。\n第七十四条　任何单位或者个人对事故隐患或者安全生产违法行为，均有权向负有安全生产监督管理职责的部门报告或者举报。\n因安全生产违法行为造成重大事故隐患或者导致重大事故，致使国家利益或者社会公共利益受到侵害的，人民检察院可以根据民事诉讼法、行政诉讼法的相关规定提起公益诉讼。\n第七十五条　居民委员会、村民委员会发现其所在区域内的生产经营单位存在事故隐患或者安全生产违法行为时，应当向当地人民政府或者有关部门报告。\n第七十六条　县级以上各级人民政府及其有关部门对报告重大事故隐患或者举报安全生产违法行为的有功人员，给予奖励。具体奖励办法由国务院应急管理部门会同国务院财政部门制定。\n第七十七条　新闻、出版、广播、电影、电视等单位有进行安全生产公益宣传教育的义务，有对违反安全生产法律、法规的行为进行舆论监督的权利。\n第七十八条　负有安全生产监督管理职责的部门应当建立安全生产违法行为信息库，如实记录生产经营单位及其有关从业人员的安全生产违法行为信息；对违法行为情节严重的生产经营单位及其有关从业人员，应当及时向社会公告，并通报行业主管部门、投资主管部门、自然资源主管部门、生态环境主管部门、证券监督管理机构以及有关金融机构。有关部门和机构应当对存在失信行为的生产经营单位及其有关从业人员采取加大执法检查",
    "chunk_order_index": 6,
    "full_doc_id": "doc-99d34b63505a8ce4543007d3a9a4ca12",
    "file_path": "中华人民共和国安全生产法_20210610.docx",
    "llm_cache_list": [
      "default:extract:97237cca70412649c0ababfced7ffee6",
      "default:extract:b9c00a369a1662b9cade0c08b56a944f"
    ],
    "create_time": 1763106587,
    "update_time": 1763106620,
    "_id": "chunk-4e568ecea03c26049fd25def603f326c"
  },
  "chunk-fae20fb98044780a7b901e088f29e4ea": {
    "tokens": 1200,
    "content": "信息库，如实记录生产经营单位及其有关从业人员的安全生产违法行为信息；对违法行为情节严重的生产经营单位及其有关从业人员，应当及时向社会公告，并通报行业主管部门、投资主管部门、自然资源主管部门、生态环境主管部门、证券监督管理机构以及有关金融机构。有关部门和机构应当对存在失信行为的生产经营单位及其有关从业人员采取加大执法检查频次、暂停项目审批、上调有关保险费率、行业或者职业禁入等联合惩戒措施，并向社会公示。\n负有安全生产监督管理职责的部门应当加强对生产经营单位行政处罚信息的及时归集、共享、应用和公开，对生产经营单位作出处罚决定后七个工作日内在监督管理部门公示系统予以公开曝光，强化对违法失信生产经营单位及其有关从业人员的社会监督，提高全社会安全生产诚信水平。\n\n第五章　生产安全事故的应急救援与调查处理\n\n第七十九条　国家加强生产安全事故应急能力建设，在重点行业、领域建立应急救援基地和应急救援队伍，并由国家安全生产应急救援机构统一协调指挥；鼓励生产经营单位和其他社会力量建立应急救援队伍，配备相应的应急救援装备和物资，提高应急救援的专业化水平。\n国务院应急管理部门牵头建立全国统一的生产安全事故应急救援信息系统，国务院交通运输、住房和城乡建设、水利、民航等有关部门和县级以上地方人民政府建立健全相关行业、领域、地区的生产安全事故应急救援信息系统，实现互联互通、信息共享，通过推行网上安全信息采集、安全监管和监测预警，提升监管的精准化、智能化水平。\n第八十条　县级以上地方各级人民政府应当组织有关部门制定本行政区域内生产安全事故应急救援预案，建立应急救援体系。\n乡镇人民政府和街道办事处，以及开发区、工业园区、港区、风景区等应当制定相应的生产安全事故应急救援预案，协助人民政府有关部门或者按照授权依法履行生产安全事故应急救援工作职责。\n第八十一条　生产经营单位应当制定本单位生产安全事故应急救援预案，与所在地县级以上地方人民政府组织制定的生产安全事故应急救援预案相衔接，并定期组织演练。\n第八十二条　危险物品的生产、经营、储存单位以及矿山、金属冶炼、城市轨道交通运营、建筑施工单位应当建立应急救援组织；生产经营规模较小的，可以不建立应急救援组织，但应当指定兼职的应急救援人员。\n危险物品的生产、经营、储存、运输单位以及矿山、金属冶炼、城市轨道交通运营、建筑施工单位应当配备必要的应急救援器材、设备和物资，并进行经常性维护、保养，保证正常运转。\n第八十三条　生产经营单位发生生产安全事故后，事故现场有关人员应当立即报告本单位负责人。\n单位负责人接到事故报告后，应当迅速采取有效措施，组织抢救，防止事故扩大，减少人员伤亡和财产损失，并按照国家有关规定立即如实报告当地负有安全生产监督管理职责的部门，不得隐瞒不报、谎报或者迟报，不得故意破坏事故现场、毁灭有关证据。\n第八十四条　负有安全生产监督管理职责的部门接到事故报告后，应当立即按照国家有关规定上报事故情况。负有安全生产监督管理职责的部门和有关地方人民政府对事故情况不得隐瞒不报、谎报或者迟报。\n第八十五条　有关地方人民政府和负有安全生产监督管理职责的部门的负责人接到生产安全事故报告后，应当按照生产安全事故应急救援预案的要求立即赶到事故现场，组织事故抢救。\n参与事故抢救的部门和单位应当服从统一指挥，加强协同联动，采取有效的应急救援措施，并根据事故救援的需要采取警戒、疏散等措施，防止事故扩大和次生灾害的发生，减少人员伤亡和财产损失。\n事故抢救过程中应当采取必要措施，避免或者减少对环境造成的危害。\n任何单位和个人都应当支持、配合事故抢救，并提供一切便利条件。\n第八十六条　事故调查处理应当按照科学严谨、依法依规、实事求是、注重实效的原则，及时、准确地查清事故原因，查明事故性质和责任，评估应急处置工作，总结事故教训，提出整改措施，并对事故责任单位和人员提出处理建议。事故调查报告应当依法及时向社会公布。事故调查和处理的具体办法由国务院制定。\n事故发生单位应当及时全面落实整改措施，负有安全生产监督管理职责的部门应当加强监督检查。\n负责事故调查处理的国务院有关部门和地方人民政府应当在批复事故调查报告后一年内，组织有关部门对事故整改和防范措施落实情况进行评估，并及时向社会公开评",
    "chunk_order_index": 7,
    "full_doc_id": "doc-99d34b63505a8ce4543007d3a9a4ca12",
    "file_path": "中华人民共和国安全生产法_20210610.docx",
    "llm_cache_list": [
      "default:extract:faab6df75d0a290abb8caa8e4a08a11c",
      "default:extract:f7741d78007a4062571ecf3c9d955402"
    ],
    "create_time": 1763106587,
    "update_time": 1763106624,
    "_id": "chunk-fae20fb98044780a7b901e088f29e4ea"
  },
  "chunk-b4b934b3f3253651ee6c460b9fe28dc1": {
    "tokens": 1200,
    "content": "单位和人员提出处理建议。事故调查报告应当依法及时向社会公布。事故调查和处理的具体办法由国务院制定。\n事故发生单位应当及时全面落实整改措施，负有安全生产监督管理职责的部门应当加强监督检查。\n负责事故调查处理的国务院有关部门和地方人民政府应当在批复事故调查报告后一年内，组织有关部门对事故整改和防范措施落实情况进行评估，并及时向社会公开评估结果；对不履行职责导致事故整改和防范措施没有落实的有关单位和人员，应当按照有关规定追究责任。\n第八十七条　生产经营单位发生生产安全事故，经调查确定为责任事故的，除了应当查明事故单位的责任并依法予以追究外，还应当查明对安全生产的有关事项负有审查批准和监督职责的行政部门的责任，对有失职、渎职行为的，依照本法第九十条的规定追究法律责任。\n第八十八条　任何单位和个人不得阻挠和干涉对事故的依法调查处理。\n第八十九条　县级以上地方各级人民政府应急管理部门应当定期统计分析本行政区域内发生生产安全事故的情况，并定期向社会公布。\n\n第六章　法律责任\n\n第九十条　负有安全生产监督管理职责的部门的工作人员，有下列行为之一的，给予降级或者撤职的处分；构成犯罪的，依照刑法有关规定追究刑事责任：\n（一）对不符合法定安全生产条件的涉及安全生产的事项予以批准或者验收通过的；\n（二）发现未依法取得批准、验收的单位擅自从事有关活动或者接到举报后不予取缔或者不依法予以处理的；\n（三）对已经依法取得批准的单位不履行监督管理职责，发现其不再具备安全生产条件而不撤销原批准或者发现安全生产违法行为不予查处的；\n（四）在监督检查中发现重大事故隐患，不依法及时处理的。\n负有安全生产监督管理职责的部门的工作人员有前款规定以外的滥用职权、玩忽职守、徇私舞弊行为的，依法给予处分；构成犯罪的，依照刑法有关规定追究刑事责任。\n第九十一条　负有安全生产监督管理职责的部门，要求被审查、验收的单位购买其指定的安全设备、器材或者其他产品的，在对安全生产事项的审查、验收中收取费用的，由其上级机关或者监察机关责令改正，责令退还收取的费用；情节严重的，对直接负责的主管人员和其他直接责任人员依法给予处分。\n第九十二条　承担安全评价、认证、检测、检验职责的机构出具失实报告的，责令停业整顿，并处三万元以上十万元以下的罚款；给他人造成损害的，依法承担赔偿责任。\n承担安全评价、认证、检测、检验职责的机构租借资质、挂靠、出具虚假报告的，没收违法所得；违法所得在十万元以上的，并处违法所得二倍以上五倍以下的罚款，没有违法所得或者违法所得不足十万元的，单处或者并处十万元以上二十万元以下的罚款；对其直接负责的主管人员和其他直接责任人员处五万元以上十万元以下的罚款；给他人造成损害的，与生产经营单位承担连带赔偿责任；构成犯罪的，依照刑法有关规定追究刑事责任。\n对有前款违法行为的机构及其直接责任人员，吊销其相应资质和资格，五年内不得从事安全评价、认证、检测、检验等工作；情节严重的，实行终身行业和职业禁入。\n第九十三条　生产经营单位的决策机构、主要负责人或者个人经营的投资人不依照本法规定保证安全生产所必需的资金投入，致使生产经营单位不具备安全生产条件的，责令限期改正，提供必需的资金；逾期未改正的，责令生产经营单位停产停业整顿。\n有前款违法行为，导致发生生产安全事故的，对生产经营单位的主要负责人给予撤职处分，对个人经营的投资人处二万元以上二十万元以下的罚款；构成犯罪的，依照刑法有关规定追究刑事责任。\n第九十四条　生产经营单位的主要负责人未履行本法规定的安全生产管理职责的，责令限期改正，处二万元以上五万元以下的罚款；逾期未改正的，处五万元以上十万元以下的罚款，责令生产经营单位停产停业整顿。\n生产经营单位的主要负责人有前款违法行为，导致发生生产安全事故的，给予撤职处分；构成犯罪的，依照刑法有关规定追究刑事责任。\n生产经营单位的主要负责人依照前款规定受刑事处罚或者撤职处分的，自刑罚执行完毕或者受处分之日起，五年内不得担任任何生产经营单位的主要负责人；对重大、特别重大生产安全事故负有责任的，终身不得担任本行业生产经营单位的主要负责人。\n第九十五条　生产经营单位的",
    "chunk_order_index": 8,
    "full_doc_id": "doc-99d34b63505a8ce4543007d3a9a4ca12",
    "file_path": "中华人民共和国安全生产法_20210610.docx",
    "llm_cache_list": [
      "default:extract:6ea92268c513022631443708a5906ab7",
      "default:extract:265e5df677052588bed3779767b16876"
    ],
    "create_time": 1763106587,
    "update_time": 1763106636,
    "_id": "chunk-b4b934b3f3253651ee6c460b9fe28dc1"
  },
  "chunk-972f7cd87ec71c2444e4cc3f75ceab54": {
    "tokens": 1200,
    "content": "；构成犯罪的，依照刑法有关规定追究刑事责任。\n生产经营单位的主要负责人依照前款规定受刑事处罚或者撤职处分的，自刑罚执行完毕或者受处分之日起，五年内不得担任任何生产经营单位的主要负责人；对重大、特别重大生产安全事故负有责任的，终身不得担任本行业生产经营单位的主要负责人。\n第九十五条　生产经营单位的主要负责人未履行本法规定的安全生产管理职责，导致发生生产安全事故的，由应急管理部门依照下列规定处以罚款：\n（一）发生一般事故的，处上一年年收入百分之四十的罚款；\n（二）发生较大事故的，处上一年年收入百分之六十的罚款；\n（三）发生重大事故的，处上一年年收入百分之八十的罚款；\n（四）发生特别重大事故的，处上一年年收入百分之一百的罚款。\n第九十六条　生产经营单位的其他负责人和安全生产管理人员未履行本法规定的安全生产管理职责的，责令限期改正，处一万元以上三万元以下的罚款；导致发生生产安全事故的，暂停或者吊销其与安全生产有关的资格，并处上一年年收入百分之二十以上百分之五十以下的罚款；构成犯罪的，依照刑法有关规定追究刑事责任。\n第九十七条　生产经营单位有下列行为之一的，责令限期改正，处十万元以下的罚款；逾期未改正的，责令停产停业整顿，并处十万元以上二十万元以下的罚款，对其直接负责的主管人员和其他直接责任人员处二万元以上五万元以下的罚款：\n（一）未按照规定设置安全生产管理机构或者配备安全生产管理人员、注册安全工程师的；\n（二）危险物品的生产、经营、储存、装卸单位以及矿山、金属冶炼、建筑施工、运输单位的主要负责人和安全生产管理人员未按照规定经考核合格的；\n（三）未按照规定对从业人员、被派遣劳动者、实习学生进行安全生产教育和培训，或者未按照规定如实告知有关的安全生产事项的；\n（四）未如实记录安全生产教育和培训情况的；\n（五）未将事故隐患排查治理情况如实记录或者未向从业人员通报的；\n（六）未按照规定制定生产安全事故应急救援预案或者未定期组织演练的；\n（七）特种作业人员未按照规定经专门的安全作业培训并取得相应资格，上岗作业的。\n第九十八条　生产经营单位有下列行为之一的，责令停止建设或者停产停业整顿，限期改正，并处十万元以上五十万元以下的罚款，对其直接负责的主管人员和其他直接责任人员处二万元以上五万元以下的罚款；逾期未改正的，处五十万元以上一百万元以下的罚款，对其直接负责的主管人员和其他直接责任人员处五万元以上十万元以下的罚款；构成犯罪的，依照刑法有关规定追究刑事责任：\n（一）未按照规定对矿山、金属冶炼建设项目或者用于生产、储存、装卸危险物品的建设项目进行安全评价的；\n（二）矿山、金属冶炼建设项目或者用于生产、储存、装卸危险物品的建设项目没有安全设施设计或者安全设施设计未按照规定报经有关部门审查同意的；\n（三）矿山、金属冶炼建设项目或者用于生产、储存、装卸危险物品的建设项目的施工单位未按照批准的安全设施设计施工的；\n（四）矿山、金属冶炼建设项目或者用于生产、储存、装卸危险物品的建设项目竣工投入生产或者使用前，安全设施未经验收合格的。\n第九十九条　生产经营单位有下列行为之一的，责令限期改正，处五万元以下的罚款；逾期未改正的，处五万元以上二十万元以下的罚款，对其直接负责的主管人员和其他直接责任人员处一万元以上二万元以下的罚款；情节严重的，责令停产停业整顿；构成犯罪的，依照刑法有关规定追究刑事责任：\n（一）未在有较大危险因素的生产经营场所和有关设施、设备上设置明显的安全警示标志的；\n（二）安全设备的安装、使用、检测、改造和报废不符合国家标准或者行业标准的；\n（三）未对安全设备进行经常性维护、保养和定期检测的；\n（四）关闭、破坏直接关系生产安全的监控、报警、防护、救生设备、设施，或者篡改、隐瞒、销毁其相关数据、信息的；\n（五）未为从业人员提供符合国家标准或者行业标准的劳动防护用品的；\n（六）危险物品的容器、运输工具，以及涉及人身安全、危险性较大的海洋石油开采特种设备和矿山井下特种设备未经具有专业资质的机构检测、检验",
    "chunk_order_index": 9,
    "full_doc_id": "doc-99d34b63505a8ce4543007d3a9a4ca12",
    "file_path": "中华人民共和国安全生产法_20210610.docx",
    "llm_cache_list": [
      "default:extract:e9089216c80db2fc8b89047d74827b25",
      "default:extract:251c7778e4baec2541ac0d34a901a681"
    ],
    "create_time": 1763106587,
    "update_time": 1763106637,
    "_id": "chunk-972f7cd87ec71c2444e4cc3f75ceab54"
  },
  "chunk-e8e2d04429545a861a79b9e1f2cfef55": {
    "tokens": 1200,
    "content": "报警、防护、救生设备、设施，或者篡改、隐瞒、销毁其相关数据、信息的；\n（五）未为从业人员提供符合国家标准或者行业标准的劳动防护用品的；\n（六）危险物品的容器、运输工具，以及涉及人身安全、危险性较大的海洋石油开采特种设备和矿山井下特种设备未经具有专业资质的机构检测、检验合格，取得安全使用证或者安全标志，投入使用的；\n（七）使用应当淘汰的危及生产安全的工艺、设备的；\n（八）餐饮等行业的生产经营单位使用燃气未安装可燃气体报警装置的。\n第一百条　未经依法批准，擅自生产、经营、运输、储存、使用危险物品或者处置废弃危险物品的，依照有关危险物品安全管理的法律、行政法规的规定予以处罚；构成犯罪的，依照刑法有关规定追究刑事责任。\n第一百零一条　生产经营单位有下列行为之一的，责令限期改正，处十万元以下的罚款；逾期未改正的，责令停产停业整顿，并处十万元以上二十万元以下的罚款，对其直接负责的主管人员和其他直接责任人员处二万元以上五万元以下的罚款；构成犯罪的，依照刑法有关规定追究刑事责任：\n（一）生产、经营、运输、储存、使用危险物品或者处置废弃危险物品，未建立专门安全管理制度、未采取可靠的安全措施的；\n（二）对重大危险源未登记建档，未进行定期检测、评估、监控，未制定应急预案，或者未告知应急措施的；\n（三）进行爆破、吊装、动火、临时用电以及国务院应急管理部门会同国务院有关部门规定的其他危险作业，未安排专门人员进行现场安全管理的；\n（四）未建立安全风险分级管控制度或者未按照安全风险分级采取相应管控措施的；\n（五）未建立事故隐患排查治理制度，或者重大事故隐患排查治理情况未按照规定报告的。\n第一百零二条　生产经营单位未采取措施消除事故隐患的，责令立即消除或者限期消除，处五万元以下的罚款；生产经营单位拒不执行的，责令停产停业整顿，对其直接负责的主管人员和其他直接责任人员处五万元以上十万元以下的罚款；构成犯罪的，依照刑法有关规定追究刑事责任。\n第一百零三条　生产经营单位将生产经营项目、场所、设备发包或者出租给不具备安全生产条件或者相应资质的单位或者个人的，责令限期改正，没收违法所得；违法所得十万元以上的，并处违法所得二倍以上五倍以下的罚款；没有违法所得或者违法所得不足十万元的，单处或者并处十万元以上二十万元以下的罚款；对其直接负责的主管人员和其他直接责任人员处一万元以上二万元以下的罚款；导致发生生产安全事故给他人造成损害的，与承包方、承租方承担连带赔偿责任。\n生产经营单位未与承包单位、承租单位签订专门的安全生产管理协议或者未在承包合同、租赁合同中明确各自的安全生产管理职责，或者未对承包单位、承租单位的安全生产统一协调、管理的，责令限期改正，处五万元以下的罚款，对其直接负责的主管人员和其他直接责任人员处一万元以下的罚款；逾期未改正的，责令停产停业整顿。\n矿山、金属冶炼建设项目和用于生产、储存、装卸危险物品的建设项目的施工单位未按照规定对施工项目进行安全管理的，责令限期改正，处十万元以下的罚款，对其直接负责的主管人员和其他直接责任人员处二万元以下的罚款；逾期未改正的，责令停产停业整顿。以上施工单位倒卖、出租、出借、挂靠或者以其他形式非法转让施工资质的，责令停产停业整顿，吊销资质证书，没收违法所得；违法所得十万元以上的，并处违法所得二倍以上五倍以下的罚款，没有违法所得或者违法所得不足十万元的，单处或者并处十万元以上二十万元以下的罚款；对其直接负责的主管人员和其他直接责任人员处五万元以上十万元以下的罚款；构成犯罪的，依照刑法有关规定追究刑事责任。\n第一百零四条　两个以上生产经营单位在同一作业区域内进行可能危及对方安全生产的生产经营活动，未签订安全生产管理协议或者未指定专职安全生产管理人员进行安全检查与协调的，责令限期改正，处五万元以下的罚款，对其直接负责的主管人员和其他直接责任人员处一万元以下的罚款；逾期未改正的，责令停产停业。\n第一百零五条　生产经营单位有下",
    "chunk_order_index": 10,
    "full_doc_id": "doc-99d34b63505a8ce4543007d3a9a4ca12",
    "file_path": "中华人民共和国安全生产法_20210610.docx",
    "llm_cache_list": [
      "default:extract:d8e5c382aef1ff2d46e6a78068f61cf1",
      "default:extract:c10351b65d09684e41c3ef34606a7216"
    ],
    "create_time": 1763106587,
    "update_time": 1763106626,
    "_id": "chunk-e8e2d04429545a861a79b9e1f2cfef55"
  },
  "chunk-30251d05006ecbd02e5a82a787523e97": {
    "tokens": 1200,
    "content": "作业区域内进行可能危及对方安全生产的生产经营活动，未签订安全生产管理协议或者未指定专职安全生产管理人员进行安全检查与协调的，责令限期改正，处五万元以下的罚款，对其直接负责的主管人员和其他直接责任人员处一万元以下的罚款；逾期未改正的，责令停产停业。\n第一百零五条　生产经营单位有下列行为之一的，责令限期改正，处五万元以下的罚款，对其直接负责的主管人员和其他直接责任人员处一万元以下的罚款；逾期未改正的，责令停产停业整顿；构成犯罪的，依照刑法有关规定追究刑事责任：\n（一）生产、经营、储存、使用危险物品的车间、商店、仓库与员工宿舍在同一座建筑内，或者与员工宿舍的距离不符合安全要求的；\n（二）生产经营场所和员工宿舍未设有符合紧急疏散需要、标志明显、保持畅通的出口、疏散通道，或者占用、锁闭、封堵生产经营场所或者员工宿舍出口、疏散通道的。\n第一百零六条　生产经营单位与从业人员订立协议，免除或者减轻其对从业人员因生产安全事故伤亡依法应承担的责任的，该协议无效；对生产经营单位的主要负责人、个人经营的投资人处二万元以上十万元以下的罚款。\n第一百零七条　生产经营单位的从业人员不落实岗位安全责任，不服从管理，违反安全生产规章制度或者操作规程的，由生产经营单位给予批评教育，依照有关规章制度给予处分；构成犯罪的，依照刑法有关规定追究刑事责任。\n第一百零八条　违反本法规定，生产经营单位拒绝、阻碍负有安全生产监督管理职责的部门依法实施监督检查的，责令改正；拒不改正的，处二万元以上二十万元以下的罚款；对其直接负责的主管人员和其他直接责任人员处一万元以上二万元以下的罚款；构成犯罪的，依照刑法有关规定追究刑事责任。\n第一百零九条　高危行业、领域的生产经营单位未按照国家规定投保安全生产责任保险的，责令限期改正，处五万元以上十万元以下的罚款；逾期未改正的，处十万元以上二十万元以下的罚款。\n第一百一十条　生产经营单位的主要负责人在本单位发生生产安全事故时，不立即组织抢救或者在事故调查处理期间擅离职守或者逃匿的，给予降级、撤职的处分，并由应急管理部门处上一年年收入百分之六十至百分之一百的罚款；对逃匿的处十五日以下拘留；构成犯罪的，依照刑法有关规定追究刑事责任。\n生产经营单位的主要负责人对生产安全事故隐瞒不报、谎报或者迟报的，依照前款规定处罚。\n第一百一十一条　有关地方人民政府、负有安全生产监督管理职责的部门，对生产安全事故隐瞒不报、谎报或者迟报的，对直接负责的主管人员和其他直接责任人员依法给予处分；构成犯罪的，依照刑法有关规定追究刑事责任。\n第一百一十二条　生产经营单位违反本法规定，被责令改正且受到罚款处罚，拒不改正的，负有安全生产监督管理职责的部门可以自作出责令改正之日的次日起，按照原处罚数额按日连续处罚。\n第一百一十三条　生产经营单位存在下列情形之一的，负有安全生产监督管理职责的部门应当提请地方人民政府予以关闭，有关部门应当依法吊销其有关证照。生产经营单位主要负责人五年内不得担任任何生产经营单位的主要负责人；情节严重的，终身不得担任本行业生产经营单位的主要负责人：\n（一）存在重大事故隐患，一百八十日内三次或者一年内四次受到本法规定的行政处罚的；\n（二）经停产停业整顿，仍不具备法律、行政法规和国家标准或者行业标准规定的安全生产条件的；\n（三）不具备法律、行政法规和国家标准或者行业标准规定的安全生产条件，导致发生重大、特别重大生产安全事故的；\n（四）拒不执行负有安全生产监督管理职责的部门作出的停产停业整顿决定的。\n第一百一十四条　发生生产安全事故，对负有责任的生产经营单位除要求其依法承担相应的赔偿等责任外，由应急管理部门依照下列规定处以罚款：\n（一）发生一般事故的，处三十万元以上一百万元以下的罚款；\n（二）发生较大事故的，处一百万元以上二百万元以下的罚款；\n（三）发生重大事故的，处二百万元以上一千万元以下的罚款；\n（四）发生特别重大事故的，处一千万元以上二千万元以下的罚款。\n发生生产安全事故，情节特别严重、影响特别恶劣的，应急管理部门",
    "chunk_order_index": 11,
    "full_doc_id": "doc-99d34b63505a8ce4543007d3a9a4ca12",
    "file_path": "中华人民共和国安全生产法_20210610.docx",
    "llm_cache_list": [
      "default:extract:08f2e122085315c18fb4c2334e389476",
      "default:extract:640c4bf8afaf659c7d49a32eccd24c52"
    ],
    "create_time": 1763106587,
    "update_time": 1763106636,
    "_id": "chunk-30251d05006ecbd02e5a82a787523e97"
  },
  "chunk-bcfb715e665d16c2a116a84dae8f91f2": {
    "tokens": 592,
    "content": "一般事故的，处三十万元以上一百万元以下的罚款；\n（二）发生较大事故的，处一百万元以上二百万元以下的罚款；\n（三）发生重大事故的，处二百万元以上一千万元以下的罚款；\n（四）发生特别重大事故的，处一千万元以上二千万元以下的罚款。\n发生生产安全事故，情节特别严重、影响特别恶劣的，应急管理部门可以按照前款罚款数额的二倍以上五倍以下对负有责任的生产经营单位处以罚款。\n第一百一十五条　本法规定的行政处罚，由应急管理部门和其他负有安全生产监督管理职责的部门按照职责分工决定；其中，根据本法第九十五条、第一百一十条、第一百一十四条的规定应当给予民航、铁路、电力行业的生产经营单位及其主要负责人行政处罚的，也可以由主管的负有安全生产监督管理职责的部门进行处罚。予以关闭的行政处罚，由负有安全生产监督管理职责的部门报请县级以上人民政府按照国务院规定的权限决定；给予拘留的行政处罚，由公安机关依照治安管理处罚的规定决定。\n第一百一十六条　生产经营单位发生生产安全事故造成人员伤亡、他人财产损失的，应当依法承担赔偿责任；拒不承担或者其负责人逃匿的，由人民法院依法强制执行。\n生产安全事故的责任人未依法承担赔偿责任，经人民法院依法采取执行措施后，仍不能对受害人给予足额赔偿的，应当继续履行赔偿义务；受害人发现责任人有其他财产的，可以随时请求人民法院执行。\n\n第七章　附　　则\n\n第一百一十七条　本法下列用语的含义：\n危险物品，是指易燃易爆物品、危险化学品、放射性物品等能够危及人身安全和财产安全的物品。\n重大危险源，是指长期地或者临时地生产、搬运、使用或者储存危险物品，且危险物品的数量等于或者超过临界量的单元（包括场所和设施）。\n第一百一十八条　本法规定的生产安全一般事故、较大事故、重大事故、特别重大事故的划分标准由国务院规定。\n国务院应急管理部门和其他负有安全生产监督管理职责的部门应当根据各自的职责分工，制定相关行业、领域重大危险源的辨识标准和重大事故隐患的判定标准。\n第一百一十九条　本法自2002年11月1日起施行。",
    "chunk_order_index": 12,
    "full_doc_id": "doc-99d34b63505a8ce4543007d3a9a4ca12",
    "file_path": "中华人民共和国安全生产法_20210610.docx",
    "llm_cache_list": [
      "default:extract:773e52941571f49e289dbb0b872f0dab",
      "default:extract:e54160e2c8ef06ff036fbb416fd28d88"
    ],
    "create_time": 1763106587,
    "update_time": 1763106642,
    "_id": "chunk-bcfb715e665d16c2a116a84dae8f91f2"
  }
}