{
  "doc-99d34b63505a8ce4543007d3a9a4ca12": {
    "entity_names": [
      "安全生产的有关事项",
      "第九十一条",
      "负有安全生产监督管理职责的部门的工作人员",
      "安全设施",
      "第九十条",
      "业务秘密",
      "第九十五条",
      "县级以上地方各级人民政府有关部门",
      "施工单位",
      "事故现场有关人员",
      "开发区",
      "安全生产监督管理职责",
      "安全操作规程",
      "疏散通道",
      "单位和个人",
      "矿山、金属冶炼建设项目",
      "联合惩戒措施",
      "应急救援基地",
      "书面记录",
      "乡镇人民政府",
      "员工宿舍",
      "统计分析",
      "乡镇人民政府和街道办事处,以及开发区、工业园区、港区、风景区等",
      "国务院交通运输、住房和城乡建设、水利、民航等部门",
      "兼职的应急救援人员",
      "危险作业",
      "重大事故隐患",
      "违法生产、储存、使用、经营、运输的危险物品",
      "停产停业整顿",
      "运输工具",
      "工会",
      "国务院住房和城乡建设部门",
      "主管的负有安全生产监督管理职责的部门",
      "以人为本",
      "危险源辨识和评估",
      "安全生产法律、法规",
      "餐饮等行业的生产经营单位",
      "生产经营单位负责人",
      "生产安全事故的情况",
      "事故应急措施",
      "全国统一的生产安全事故应急救援信息系统",
      "直接危及人身安全的紧急情况",
      "事故整改和防范措施",
      "专职安全生产管理人员",
      "未按照规定设置安全生产管理机构",
      "国务院交通运输部门",
      "安全生产状况",
      "国家安全生产应急救援机构",
      "安全生产",
      "监察机关",
      "港区",
      "现场安全生产管理人员",
      "县级以上地方人民政府",
      "电力行业",
      "安全生产违法行为",
      "风景区",
      "评估",
      "县级以上人民政府",
      "国务院住房和城乡建设",
      "铁路",
      "强令冒险作业",
      "安全监管执法证件",
      "特别重大事故",
      "安全生产工作监督管理部门",
      "国务院",
      "吊装作业",
      "生产安全事故隐患",
      "违法生产、储存、使用、经营危险物品的作业场所",
      "安全生产教育和培训",
      "负有安全生产监督管理职责的部门",
      "可燃气体报警装置",
      "国务院民航部门",
      "安全生产教育培训",
      "人民法院",
      "违反操作规程",
      "阻挠和干涉",
      "国务院应急管理部门",
      "专业生产单位",
      "检查",
      "较大事故",
      "生产安全事故",
      "信息库",
      "生产经营单位的主要负责人",
      "100m Sprint Record",
      "安全生产管理职责",
      "一般事故",
      "承担安全评价、认证、检测、检验职责的机构",
      "审查批准和监督职责的行政部门",
      "认证",
      "安全生产监督管理职责的部门",
      "安全生产管理协议",
      "符合保障安全生产的国家标准或者行业标准的设施、设备、器材",
      "国务院水利",
      "事故调查和处理的具体办法",
      "应急救援组织",
      "附则",
      "矿山井下特种设备",
      "国务院和县级以上地方各级人民政府",
      "安全措施",
      "审查部门",
      "民航",
      "赔偿",
      "事故单位的责任",
      "生产安全事故应急救援预案",
      "生产安全事故的应急救援与调查处理",
      "联合检查",
      "危险物品",
      "安全生产年度监督检查计划",
      "罚款",
      "国务院有关部门",
      "街道办事处",
      "安全生产条件",
      "证照",
      "安全生产强制性国家标准",
      "国务院交通运输",
      "应急救援演练",
      "法律责任",
      "安全第一、预防为主、综合治理",
      "危险物品容器",
      "中国共产党的领导",
      "安全生产监督检查人员",
      "生产经营场所",
      "事故隐患",
      "停产停业、停止施工、停止使用相关设施或者设备",
      "危险物品的经营单位",
      "海洋石油开采特种设备",
      "防范措施",
      "建设项目",
      "抗拒、阻挠",
      "Noah Carter",
      "现场安全管理",
      "安全评价",
      "国家标准",
      "部门",
      "国务院水利部门",
      "刑法",
      "安全生产规章制度",
      "安全生产执法工作",
      "第十二届全国人民代表大会常务委员会",
      "安全生产管理机构",
      "操作规程",
      "劳动防护用品",
      "重大事故",
      "行业标准",
      "承包单位, 承租单位",
      "紧急疏散出口",
      "生产经营规模较小的生产经营单位",
      "国务院标准化行政主管部门",
      "爆破作业",
      "技术秘密",
      "重大危险源",
      "安全生产培训",
      "安全生产整改措施",
      "事故发生单位",
      "危险因素",
      "安全生产管理人员",
      "第十一届全国人民代表大会常务委员会",
      "检测、检验机构",
      "主要负责人",
      "生产经营单位",
      "Tokyo",
      "县级以上地方各级人民政府",
      "应急救援队伍",
      "建设单位",
      "危险物品的生产单位",
      "违章指挥",
      "安全生产国家标准",
      "县级以上地方各级人民政府应急管理部门",
      "临时用电作业",
      "应急救援器材、设备和物资",
      "依法调查处理",
      "监控、报警、防护、救生设备、设施",
      "安全设备",
      "危险物品的储存单位",
      "公安机关",
      "第九十二条",
      "动火作业",
      "World Athletics Championship",
      "生产经营单位的从业人员",
      "事故调查",
      "失职、渎职行为",
      "受害人",
      "工业园区",
      "未按照规定配备安全生产管理人员",
      "从业人员",
      "Carbon-Fiber Spikes",
      "第九届全国人民代表大会常务委员会",
      "安全警示标志",
      "安全发展理念",
      "第十三届全国人民代表大会常务委员会",
      "第九十四条",
      "生产安全事故责任人",
      "新兴行业、领域",
      "第九十三条",
      "安全生产责任保险",
      "事故调查报告",
      "中华人民共和国安全生产法",
      "安全生产的监督管理",
      "应急管理部门",
      "人民至上、生命至上"
    ],
    "count": 200,
    "create_time": 1763106682,
    "update_time": 1763106682,
    "_id": "doc-99d34b63505a8ce4543007d3a9a4ca12"
  }
}